customer_id,business_type,ingested_at
734b758244892c52c05d829d21033126,爱数客户,2025-10-02T03:14:20Z
b023832727276310673e112b88fa0946,爱数客户,2025-10-02T03:14:20Z
2854d17c0149e9b6c74a45a971a5100a,爱数客户,2025-10-02T03:14:20Z
90c38383ddfdb13f5e8971ba1b042041,爱数客户,2025-10-02T03:14:20Z
500938f93665183777d299e587d4c221,爱数客户,2025-10-02T03:14:20Z
5852839e41a79c36527e14d03debe5d0,爱数客户,2025-10-02T03:14:20Z
824c2fa3f61a6c9138faa00964367674,爱数客户,2025-10-02T03:14:20Z
b7a5fcb0b4e1e4eeca8107140b343014,爱数客户,2025-10-02T03:14:20Z
a5a6efa81e55ad82ebb774b0b97262bc,爱数客户,2025-10-02T03:14:20Z
45734c6a294f8d0969be5a2bbb65728a,爱数客户,2025-10-02T03:14:20Z
8f9504cf01b52272458a8e93ff457616,爱数客户,2025-10-02T03:14:20Z
8b54cb13341545bb9a8856dd986617d5,爱数客户,2025-10-02T03:14:20Z
320e9aee38e664014cd34bc6a95856e1,爱数客户,2025-10-02T03:14:20Z
e06a0a4a3c332522f4021d1867627e5f,爱数客户,2025-10-02T03:14:20Z
52f6e2ad7b64dacee19b2b7b4aa8cad5,爱数客户,2025-10-02T03:14:20Z
79921e25e074f03d79a097dcb53b7a75,爱数客户,2025-10-02T03:14:20Z
183df8026aab5c2a2422201bb9e7af76,爱数客户,2025-10-02T03:14:20Z
f7c9c9a9dc698a6c17b55276bf6b6e92,爱数客户,2025-10-02T03:14:20Z
edf672591bd77c03d675d16a384eeb1c,爱数客户,2025-10-02T03:14:20Z
7ef97cde23bf6d8a2461b3ec1edd767c,爱数客户,2025-10-02T03:14:20Z
5305317726a6f534ef973d0dcf29a3f4,维保,2025-10-02T03:14:20Z
5305317726a6f534ef973d0dcf29a3f4,爱数客户,2025-10-02T03:14:20Z
5748da12f7fbc15b030eadfdd9eb195f,爱数客户,2025-10-02T03:14:20Z
16723d8d1f71c22475c38dd38228c90b,爱数客户,2025-10-02T03:14:20Z
3ab30302564d95e9948ba237471cd6c5,爱数客户,2025-10-02T03:14:20Z
740634672275d21108ea29a6e417fb31,爱数客户,2025-10-02T03:14:20Z
c02fbbc3260e851ada96afd373650e7f,爱数客户,2025-10-02T03:14:20Z
28388009f8f870e3cf68c56c50cde37c,爱数客户,2025-10-02T03:14:20Z
e27809b6d53be2287e6699452e7e1c39,爱数客户,2025-10-02T03:14:20Z
941aec9e7a99edf12e6b92b89b4bfdc8,爱数客户,2025-10-02T03:14:20Z
f0ebffea76420f746585babf938ff1fb,爱数客户,2025-10-02T03:14:20Z
f8a217721af6e839cc5a698198045f36,爱数客户,2025-10-02T03:14:20Z
dbf822b17d9f95d4c796635b67308529,爱数客户,2025-10-02T03:14:20Z
b42938f0fc27bc74605b29733abf702f,爱数客户,2025-10-02T03:14:20Z
d14642811a6c9387482f2d1cb3fadbd6,爱数客户,2025-10-02T03:14:20Z
a3181b13a63abc7aace40865655cb1ee,爱数客户,2025-10-02T03:14:20Z
2711ed06ddb23e2845b5c2bf6eb9e20b,爱数客户,2025-10-02T03:14:20Z
10a0db0c18966cc70afaec7cc230697c,爱数客户,2025-10-02T03:14:20Z
11353e79bbeeb314411c36bccbcf683d,爱数客户,2025-10-02T03:14:20Z
0be6d625326cbcfeb264fd85f27f4687,爱数客户,2025-10-02T03:14:20Z
6ad91f6f4ef7def76dadaa89ffbba48d,爱数客户,2025-10-02T03:14:20Z
83ef71907349806b6d06f8be144721ff,爱数客户,2025-10-02T03:14:20Z
527d4419fd158fe89622b9bff5edb8c7,爱数客户,2025-10-02T03:14:20Z
c0863d75f73ea07f58c73f9d345a48ca,爱数客户,2025-10-02T03:14:20Z
ebc9b91299ecce8021b354435a61fee1,爱数客户,2025-10-02T03:14:20Z
cf9a93b2a07b74013487f0316ba754e7,爱数客户,2025-10-02T03:14:20Z
0add42001edb2bd7de488a6e48e9ea7f,爱数客户,2025-10-02T03:14:20Z
4f124751d0edc3c16ec199444cf4c4db,爱数客户,2025-10-02T03:14:20Z
b6028699d056e7ec462dc272b26c63c1,爱数客户,2025-10-02T03:14:20Z
312cf403fd011dbf624e01fabc9af9fb,爱数客户,2025-10-02T03:14:20Z
dae7bc0ee5f1749b988c966717033223,爱数客户,2025-10-02T03:14:20Z
7303bba866bd49296d2a827a5135b0ce,爱数客户,2025-10-02T03:14:20Z
e87d9810cf654b1e9875e6441b7ae3cd,爱数客户,2025-10-02T03:14:20Z
75d87005ee2718063206fb378ba1e3b3,爱数客户,2025-10-02T03:14:20Z
226ff65a344eb774a850d880821e48bf,爱数客户,2025-10-02T03:14:20Z
18aed141b26e5bfc5a20a66f64184ed3,爱数客户,2025-10-02T03:14:20Z
11ae4b47b9c265b75d70d45feb8b4d04,维保,2025-10-02T03:14:20Z
857150eb1ebb520fdc26deea178b4b15,爱数客户,2025-10-02T03:14:20Z
61ea01f144ba1097605275ae0de74fec,爱数客户,2025-10-02T03:14:20Z
f41a20e1638c49cd860291509af22f8c,爱数客户,2025-10-02T03:14:20Z
5abaa9693a55e1f9ae33fd107fd86e99,爱数客户,2025-10-02T03:14:20Z
b3e4769b16d467bb573354c897a98ba6,爱数客户,2025-10-02T03:14:20Z
7d1100deafb900a22a33025a89866dc7,爱数客户,2025-10-02T03:14:20Z
f63f2a73b1e0b3224911a6446696f980,爱数客户,2025-10-02T03:14:20Z
b04e4b934d4a6aa794d08f6855f46b71,爱数客户,2025-10-02T03:14:20Z
4554fcde9cd34f5fce47527e33caa011,爱数客户,2025-10-02T03:14:20Z
5a9298d04f6d31474d73bb6fc14d57cf,爱数客户,2025-10-02T03:14:20Z
69f8a83902f4ec03d6c41d1a423ca4df,爱数客户,2025-10-02T03:14:20Z
3e216cb692a5b6e95ff1ed7a176091d4,爱数客户,2025-10-02T03:14:20Z
d6cbcc4a6ecacc030ee409523b33ec0c,爱数客户,2025-10-02T03:14:20Z
0824e41575cc119a74c017ebfc1b99cc,爱数客户,2025-10-02T03:14:20Z
59aa70fe3b25b6379b5dd0048a6f6b2f,爱数客户,2025-10-02T03:14:20Z
ce4db47c3fff2c17ca1d049928d4a7d9,爱数客户,2025-10-02T03:14:20Z
3eaa350e597b5c277e30a7455b758a77,爱数客户,2025-10-02T03:14:20Z
2eef222e07fd0d521e8a963d7dca26c2,爱数客户,2025-10-02T03:14:20Z
ae585c482799cdddafd6e9b3d3a83977,爱数客户,2025-10-02T03:14:20Z
24e3ddc1064d2d76fafddefd87a56ba1,爱数客户,2025-10-02T03:14:20Z
d32088996f0d7ce40064554d2548ae42,爱数客户,2025-10-02T03:14:20Z
734a3d1519a433820ccff579f2123c06,爱数客户,2025-10-02T03:14:20Z
4e3a6d875bbfcfc42fbafbae0ed324a2,爱数客户,2025-10-02T03:14:20Z
02a0559c5ee49ffed72956a6d52eaf87,爱数客户,2025-10-02T03:14:20Z
46860b77c15cde7ec42a1ffccaccdf98,爱数客户,2025-10-02T03:14:20Z
acf7cad481a5d395f4fec6b9ac63c835,爱数客户,2025-10-02T03:14:20Z
100b8336d62277fc785a23bde0bc1852,爱数客户,2025-10-02T03:14:20Z
0f3995d6fb058a54fef18d0bb89cdfc9,爱数客户,2025-10-02T03:14:20Z
1e9167bc4a18d1cc19a2390d7f1b06a6,爱数客户,2025-10-02T03:14:20Z
cdafd1e5436e66512271629b8e463585,爱数客户,2025-10-02T03:14:20Z
4d10b829922c43eac9664490849a2f3c,爱数客户,2025-10-02T03:14:20Z
6f31151e5ef5fb57744a35f038c0ebf1,爱数客户,2025-10-02T03:14:20Z
c1821d7d157b70d382ac0350efc214e2,爱数客户,2025-10-02T03:14:20Z
7572fef74c36fccfac91a3cb94234900,爱数客户,2025-10-02T03:14:20Z
dad5b7b0f05ffec3205556522f4ccd67,爱数客户,2025-10-02T03:14:20Z
84f20eec48034a4f0b33a4479a0c3515,爱数客户,2025-10-02T03:14:20Z
249274e062767ef8c6ab9dff0b932cdd,爱数客户,2025-10-02T03:14:20Z
4c56b6f8b70465cfeeadb3037c9b7e64,爱数客户,2025-10-02T03:14:20Z
ac9bb6d560a71b3364e48a3bc6d4ea1a,爱数客户,2025-10-02T03:14:20Z
e93e75509927feb3c1815af3ba4a2ae5,爱数客户,2025-10-02T03:14:20Z
2775ebe2fd41cceea57e57ffce840e0c,维保,2025-10-02T03:14:20Z
e7a6aa7390cd98feb9e5eca27c3728c4,爱数客户,2025-10-02T03:14:20Z
434df0a7e6b488413a478c1ef1500843,爱数客户,2025-10-02T03:14:20Z
fd19698fc5969d12b29b0feee33aa155,爱数客户,2025-10-02T03:14:20Z
f5acb95d97643701a020e26db3712e6e,爱数客户,2025-10-02T03:14:20Z
b194ea078512cae51aa145a1b603f888,爱数客户,2025-10-02T03:14:20Z
efb430eeb8d62128584c926b4a82e98d,爱数客户,2025-10-02T03:14:20Z
f76dd00ca66174c25a0046784a418da3,交付,2025-10-02T03:14:20Z
e5435baa9325a94e10331683b29772f3,爱数客户,2025-10-02T03:14:20Z
d024ca0fd1e6e1ad1b1d093a91928e54,爱数客户,2025-10-02T03:14:20Z
c3fbcaac9a3b1fca033d3c545c9ee6ae,爱数客户,2025-10-02T03:14:20Z
04bb0381e9c5af27937a80b29e7f5fb2,爱数客户,2025-10-02T03:14:20Z
7650e4bb50144fc9f9f4032f0ce96d94,爱数客户,2025-10-02T03:14:20Z
1d1c971b3ee651f8e2c7a8328d766d3d,爱数客户,2025-10-02T03:14:20Z
0a43865fd425eb7af2fa12b916ee3057,爱数客户,2025-10-02T03:14:20Z
1693d89301bfc565e7d01bb15b10a067,爱数客户,2025-10-02T03:14:20Z
ff64cb036595e7fa180d6fe62119def1,爱数客户,2025-10-02T03:14:20Z
1e9594f5a268989f741d2c21c1f99f22,爱数客户,2025-10-02T03:14:20Z
5636b8d13c3933db73264969a9094db3,爱数客户,2025-10-02T03:14:20Z
8f6708a0ef119e6edd2323939a00b3e2,测试,2025-10-02T03:14:20Z
5f026ee6c9ff9602170f33bf0b620824,爱数客户,2025-10-02T03:14:20Z
13396f0b2e65d8696aae6253259b5b02,爱数客户,2025-10-02T03:14:20Z
0929bad93dfbed96af72b974c17d3578,爱数客户,2025-10-02T03:14:20Z
0dd91baeaeddf35b8d4f82c2ccce036b,爱数客户,2025-10-02T03:14:20Z
b7653f6f154c871cefc2cfdab6756321,爱数客户,2025-10-02T03:14:20Z
d368eb4200dfc1ffed5fff05dbecc8fb,爱数客户,2025-10-02T03:14:20Z
0435af8d242ae4d6cdc532e9951a525f,爱数客户,2025-10-02T03:14:20Z
95333ea61b6f5cad18529a98c6d627ab,爱数客户,2025-10-02T03:14:20Z
dcdca1d2dd3c47f8caef953c50fa9fb8,爱数客户,2025-10-02T03:14:20Z
0c1450441f9e6b888301910b3b640b03,爱数客户,2025-10-02T03:14:20Z
24e5c7dfb06de86209128e5b2ab56579,爱数客户,2025-10-02T03:14:20Z
3e8f3dc75256394bf937c68e75e5f5f9,爱数客户,2025-10-02T03:14:20Z
c62b8da29857eba19f74ab358581fb15,爱数客户,2025-10-02T03:14:20Z
b40850b9b15cd85ed5529762f1bf7d81,爱数客户,2025-10-02T03:14:20Z
53390fbe64a82a544d7eb325082c77d2,交付,2025-10-02T03:14:20Z
53390fbe64a82a544d7eb325082c77d2,爱数客户,2025-10-02T03:14:20Z
dfd010a46da70efc80e5c54272fe1097,爱数客户,2025-10-02T03:14:20Z
c16260afdacc1ac957bfbd1964a90076,交付,2025-10-02T03:14:20Z
1b016f44b701b4bf54a7aaeda85bea54,爱数客户,2025-10-02T03:14:20Z
049df6702041b6c8e37aa93da50902fb,爱数客户,2025-10-02T03:14:20Z
a27b323fab54723117f07a3a662cf4e5,爱数客户,2025-10-02T03:14:20Z
105572f1d63bf0c04fb8f4a3bff08fde,爱数客户,2025-10-02T03:14:20Z
beac1b2a93bd1c8771f222d6296ccb7a,爱数客户,2025-10-02T03:14:20Z
1e5d119ef8c588792d37fb4d8a9edb4d,爱数客户,2025-10-02T03:14:20Z
52eeb818b20a5f602656757cc6aa34fd,爱数客户,2025-10-02T03:14:20Z
d2be52cf589c8c066f5a7a98b1ddb142,爱数客户,2025-10-02T03:14:20Z
c51667102afa935b62fb1be93245baf3,爱数客户,2025-10-02T03:14:20Z
b0efaf7ad48e21093d977d47ca92d058,爱数客户,2025-10-02T03:14:20Z
041e735e8a2d9828ca26abad087364a7,爱数客户,2025-10-02T03:14:20Z
4bbb41336385daf134bea2edb798fe79,爱数客户,2025-10-02T03:14:20Z
4baa702610961721748e1cc3e2052119,爱数客户,2025-10-02T03:14:20Z
4a49a64a0ac1cecb56cff0aa2fe08ea1,爱数客户,2025-10-02T03:14:20Z
b5adc316d9bff8418a9322ed441b313b,爱数客户,2025-10-02T03:14:20Z
202b83f8686113dff3ef38737fafde02,爱数客户,2025-10-02T03:14:20Z
fbc0efd2ee0c6ec586b8da47746c7c13,爱数客户,2025-10-02T03:14:20Z
91b1cb3e5f01dd15095400c161034eba,爱数客户,2025-10-02T03:14:20Z
a738d3d306d871c230ced01ce5a1547d,爱数客户,2025-10-02T03:14:20Z
8671ce3b042db358e95108d3df4f8d2d,爱数客户,2025-10-02T03:14:20Z
a5c424f35260886c7adde5e798387b67,爱数客户,2025-10-02T03:14:20Z
24f19c3d8ac66f97c8bc2023b05b4e2b,爱数客户,2025-10-02T03:14:20Z
c2e506a2910769828c949cfc1810021a,爱数客户,2025-10-02T03:14:20Z
0342ef4172ce7294b3cb40e620228324,爱数客户,2025-10-02T03:14:20Z
3470a949d74593d3dbdc522349eca016,爱数客户,2025-10-02T03:14:20Z
3470a949d74593d3dbdc522349eca016,巡检,2025-10-02T03:14:20Z
1d88cc1e5873f3644b623d7c75e1bfc9,爱数客户,2025-10-02T03:14:20Z
cd96c3bc54651ba73214b3744083c93e,交付,2025-10-02T03:14:20Z
b5353c7cbfd5d8cc6b251729ce462c8a,爱数客户,2025-10-02T03:14:20Z
d0b0777c2c6e8b886e23f483a815a6a8,爱数客户,2025-10-02T03:14:20Z
e539bcd4dc871d4756c91f919ef8e0bd,爱数客户,2025-10-02T03:14:20Z
cbec08e499d6b01d00b5d59224777223,爱数客户,2025-10-02T03:14:20Z
89779a594eec4ac687093b8a1c31cb59,爱数客户,2025-10-02T03:14:20Z
1d66410517d598c4a9b98a43a48539d7,爱数客户,2025-10-02T03:14:20Z
72e600ca517f359e98088fd465f32bed,爱数客户,2025-10-02T03:14:20Z
6449f2e30ea05c29ec79f5553e21fea3,爱数客户,2025-10-02T03:14:20Z
3ddc222d2cac92c2cab59c0c77614bc7,爱数客户,2025-10-02T03:14:20Z
c74594c1ae9a56306df931864f8919d5,爱数客户,2025-10-02T03:14:20Z
5e0ea92fb406ea3649997c2827fcc0be,爱数客户,2025-10-02T03:14:20Z
8a74357fb331132a7ab53af50ff43f88,爱数客户,2025-10-02T03:14:20Z
379ff061395367c12cd36b9f92c1e51f,爱数客户,2025-10-02T03:14:20Z
9618d4bcfa57f6f0e23c319cb51c79bc,爱数客户,2025-10-02T03:14:20Z
bae3ad1ddfa6c179f86c8e0e13df1205,爱数客户,2025-10-02T03:14:20Z
104485b69b86b8937195b77caebd1257,爱数客户,2025-10-02T03:14:20Z
d8511656f7224ead3c78d7c42edaf934,爱数客户,2025-10-02T03:14:20Z
7d09efdcb506dc6774a792733451a24e,爱数客户,2025-10-02T03:14:20Z
6fa0e526c3d72e2a880135e0f2a535df,爱数客户,2025-10-02T03:14:20Z
b7f89c556af2733f6bb0a23f81296386,爱数客户,2025-10-02T03:14:20Z
643126b1a20bcd8c89560e696cc2acf5,交付,2025-10-02T03:14:20Z
7c81d15987a8675ecbbc008e6c3c52a3,爱数客户,2025-10-02T03:14:20Z
6be8bd90a9b3922570f6ff89b3b4505b,爱数客户,2025-10-02T03:14:20Z
ad924d55700288d5a7388a3089afa2ac,爱数客户,2025-10-02T03:14:20Z
cb0a5caff03d7e2c244ec9536e565328,爱数客户,2025-10-02T03:14:20Z
8bd27cb838ddf12ffa4fa456f5bb6d60,爱数客户,2025-10-02T03:14:20Z
6eba58c9c13abcaefc461750e5f4c84e,爱数客户,2025-10-02T03:14:20Z
242faf388c1d282ed78f007a2ac72499,爱数客户,2025-10-02T03:14:20Z
6f41edab997e98b1d8bf9b44e93db50c,爱数客户,2025-10-02T03:14:20Z
00baf0f2e0c37c0eac8da0cc476d280b,爱数客户,2025-10-02T03:14:20Z
de2cc7464458d15734c5d445c870aa88,爱数客户,2025-10-02T03:14:20Z
92e3f32cdcc52e77fa25013fbd7db833,爱数客户,2025-10-02T03:14:20Z
3fc8629fc8d002af50534820a0d085cd,爱数客户,2025-10-02T03:14:20Z
0ad552c3d1133b9af3042e7633ab4d1f,爱数客户,2025-10-02T03:14:20Z
326d4b15f2d14322ac7965313a5fbadc,爱数客户,2025-10-02T03:14:20Z
7b3ac8ed9e64acb37b6d749deaac0fca,爱数客户,2025-10-02T03:14:20Z
69c8d241ceb440169c62598e2b0d1590,交付,2025-10-02T03:14:20Z
b585375110a750ebbaed1772ad86e89c,爱数客户,2025-10-02T03:14:20Z
f69f23791bd67448d628cca1211da854,爱数客户,2025-10-02T03:14:20Z
06a5a13a9ab19d7a11e1bb670e73f8cb,爱数客户,2025-10-02T03:14:20Z
277bd1a7f339768ec2615f3a033f4e8f,爱数客户,2025-10-02T03:14:20Z
79a7d7b2f3e12e4a3ccc8337cbf1c895,爱数客户,2025-10-02T03:14:20Z
a62a33564acad9ea108a0561e7309368,爱数客户,2025-10-02T03:14:20Z
f88f16182abd38e4e5d42b7f5ffb09ae,爱数客户,2025-10-02T03:14:20Z
728dc093c7148bd4c0c765aabc0e424f,爱数客户,2025-10-02T03:14:20Z
41c9c2a6d995e97eee59b4617bd25a17,爱数客户,2025-10-02T03:14:20Z
ff42163e7ef6506cafb0edeaa06a570d,爱数客户,2025-10-02T03:14:20Z
30d777945a2efeade167c3155a2b2e84,爱数客户,2025-10-02T03:14:20Z
2b80b5657cc49dfd7590df9a5f0f7540,爱数客户,2025-10-02T03:14:20Z
de6c7e01c600d5854d88c713aeaf8299,爱数客户,2025-10-02T03:14:20Z
c582c7a0afba537fbb8f6e53b9b24037,爱数客户,2025-10-02T03:14:20Z
baf0e8ef274392bdb210794fc2a45570,测试,2025-10-02T03:14:20Z
4c803cc4d3b1066f5c745d31c114141b,爱数客户,2025-10-02T03:14:20Z
c3aa4c8db53d97c1808b79707e636e8f,爱数客户,2025-10-02T03:14:20Z
d566e65b375df5d4bb358a8219c7944f,爱数客户,2025-10-02T03:14:20Z
5f8f058e7e6f0b7e113aa2e4d2b53c28,爱数客户,2025-10-02T03:14:20Z
7965145993b862c82032e0e483261a5f,爱数客户,2025-10-02T03:14:20Z
de5959baed6509c897377245bbcd5e13,爱数客户,2025-10-02T03:14:20Z
9ef0300dcf732aa1ae36a8cf2193e833,测试,2025-10-02T03:14:20Z
9ef0300dcf732aa1ae36a8cf2193e833,爱数客户,2025-10-02T03:14:20Z
2f7e886225da18beac3322f7de5c6f4b,爱数客户,2025-10-02T03:14:20Z
cbdabc884ccd52b8afd6cb006bdff29b,爱数客户,2025-10-02T03:14:20Z
038b2fb04c81507e0b78e9beffc4db9c,爱数客户,2025-10-02T03:14:20Z
64f605d61d8b03c2c585f979678c8c79,爱数客户,2025-10-02T03:14:20Z
82e5cad1d181b1a3586aaee5bee43776,爱数客户,2025-10-02T03:14:20Z
6365844726d33fcc3e4c1efdc3483a24,爱数客户,2025-10-02T03:14:20Z
8647bb75e3d6fe0ce59fcf9f858d4c28,爱数客户,2025-10-02T03:14:20Z
2853bf8b72d1059d4d30dbe6c54b7f14,爱数客户,2025-10-02T03:14:20Z
115fa01e1646d954d6b241f8f3993b56,爱数客户,2025-10-02T03:14:20Z
c7246c2b56b5b792ef59da4a55fc1b0f,爱数客户,2025-10-02T03:14:20Z
a318d56690ca50d6fc97522e50f7d943,爱数客户,2025-10-02T03:14:20Z
78f62be171ebcb153cd2e6a4ff418cce,爱数客户,2025-10-02T03:14:20Z
7dfcfbf8f19c031816605edda0b51518,爱数客户,2025-10-02T03:14:20Z
56e4372bc0a17dd85821d876d9c9467b,爱数客户,2025-10-02T03:14:20Z
f353d03c8e8d90f848fecfa1df7bcd41,爱数客户,2025-10-02T03:14:20Z
83adc8c9e68a1369771db92e2926d7f0,爱数客户,2025-10-02T03:14:20Z
4ddb37b760464551352648afc58270f9,爱数客户,2025-10-02T03:14:20Z
4ef67935d12a5944503dfde82c789c5d,爱数客户,2025-10-02T03:14:20Z
89587926744b63aeae7e7136d5d5f385,爱数客户,2025-10-02T03:14:20Z
3b464182293cfb53e71c3e64fa96e184,爱数客户,2025-10-02T03:14:20Z
a0d591405aabdf1bf99e55e2e8c1170a,爱数客户,2025-10-02T03:14:20Z
6e6737b8957bf7f193cf1a0873f0291f,爱数客户,2025-10-02T03:14:20Z
8a524f97600c32858c3d27754c606172,爱数客户,2025-10-02T03:14:20Z
86cd75822473db83a73bef49c1cf9c7e,爱数客户,2025-10-02T03:14:20Z
3c82e841be62ffbeda0be2fd2ac3f553,爱数客户,2025-10-02T03:14:20Z
4429e158daeff61fb305039631d5ad2c,爱数客户,2025-10-02T03:14:20Z
877dc114bf9af36135d95807d6ff680d,爱数客户,2025-10-02T03:14:20Z
1b16638e89f7441ef92f9a5a0049a55d,爱数客户,2025-10-02T03:14:20Z
df89055e1ddb6338b8b0e1ee810ec117,爱数客户,2025-10-02T03:14:20Z
29490e403e8ed51bbf947d958df630d7,爱数客户,2025-10-02T03:14:20Z
10c6118ba3b7072aecef754fa66c061c,爱数客户,2025-10-02T03:14:20Z
1011647f314ee2f09646e42d30538368,爱数客户,2025-10-02T03:14:20Z
e43275c79dd23f4b3e7595151aeb8c62,爱数客户,2025-10-02T03:14:20Z
f462963985c7aa11759aa7c2a9204ee6,爱数客户,2025-10-02T03:14:20Z
10893e4ca896f6cb0b850a0fc48a98e6,爱数客户,2025-10-02T03:14:20Z
2bea1c857bd6e5672d17f9cefd90e0d2,爱数客户,2025-10-02T03:14:20Z
1ac93309d0d4662fd1ca4722b959f747,爱数客户,2025-10-02T03:14:20Z
c20033360716615b22fabab32bc4537f,爱数客户,2025-10-02T03:14:20Z
08f5c0950e2b28d18a4491cfe344eb5f,爱数客户,2025-10-02T03:14:20Z
6d1071daf29a72103c9fac7159284c84,爱数客户,2025-10-02T03:14:20Z
9cba952b262539daedcf85f45c3a16a2,爱数客户,2025-10-02T03:14:20Z
86aaa7f4e178b6b4f6450f04a2fe8b20,爱数客户,2025-10-02T03:14:20Z
a29760d1b8227da475ed5037d9cdda4b,爱数客户,2025-10-02T03:14:20Z
f421036558b8b18abb0d7695e85c3245,爱数客户,2025-10-02T03:14:20Z
3949f8279bedc47eb50c898967f24b99,爱数客户,2025-10-02T03:14:20Z
b1f22d741d8d5705af3a68c69011fa8b,爱数客户,2025-10-02T03:14:20Z
48051462e622a89aa628b51493c714c2,爱数客户,2025-10-02T03:14:20Z
0478357c678fb8f88a68da6c6a30f479,爱数客户,2025-10-02T03:14:20Z
81861bd076721cc6334721b2f5563b1b,爱数客户,2025-10-02T03:14:20Z
d71c59a118b6204e9edc219f0e4bbfb8,爱数客户,2025-10-02T03:14:20Z
4c7871d13209cee92793262992178fcd,爱数客户,2025-10-02T03:14:20Z
b67695af37b4218eb8ef510fdfb837e9,爱数客户,2025-10-02T03:14:20Z
0d568e59e194266d0b18d2014ca7d843,爱数客户,2025-10-02T03:14:20Z
474663d7324fc23fa3eac273db1ccf82,爱数客户,2025-10-02T03:14:20Z
bc85d851978422be33b36c206acf236d,爱数客户,2025-10-02T03:14:20Z
e9973da2e72b395b19ba23c80d262415,爱数客户,2025-10-02T03:14:20Z
12fa0302a237e8627f1a5651aabd5c78,爱数客户,2025-10-02T03:14:20Z
a719f25ee5ba9c8e0aea9494ae7f0a8e,爱数客户,2025-10-02T03:14:20Z
f50cfbe92745f026260771cb4d2587f0,爱数客户,2025-10-02T03:14:20Z
00ac3e209a313f4c9c24323bd157d2b5,爱数客户,2025-10-02T03:14:20Z
0b6dcf3007d6065eccc32d234f334780,爱数客户,2025-10-02T03:14:20Z
203efc387d491e4e6d3a34c41ef4112e,爱数客户,2025-10-02T03:14:20Z
4b2892ef3a15a1c6d4624a1e79746862,爱数客户,2025-10-02T03:14:20Z
bb61fe230c334b390707cb6b674eb7ec,爱数客户,2025-10-02T03:14:20Z
d012aa0f415b589690a9817357a50c3c,爱数客户,2025-10-02T03:14:20Z
f571d497591cf6ff6fa2bb09f667b595,爱数客户,2025-10-02T03:14:20Z
af58629c4d36fc957e8722844c66c5b8,爱数客户,2025-10-02T03:14:20Z
e1067596af7a37ba8dc9b40ed6939a1c,爱数客户,2025-10-02T03:14:20Z
b7660c90ab94eda11fa223073af1bc5b,爱数客户,2025-10-02T03:14:20Z
5d62d6777434ab26dac941e8f2aacc3a,爱数客户,2025-10-02T03:14:20Z
1abe4a317a790fd61cad40eb6674cd44,爱数客户,2025-10-02T03:14:20Z
5300378a7ce0c36ac789f670a8d7ba3f,爱数客户,2025-10-02T03:14:20Z
062ae206b6b163b373eb91b060e58138,爱数客户,2025-10-02T03:14:20Z
dfd8b168f6317f85a3740928c36ae423,爱数客户,2025-10-02T03:14:20Z
45be480eb3fdf2df0209ae779c09eba8,爱数客户,2025-10-02T03:14:20Z
dfb54d6905ab254ad2a0701b79090d54,爱数客户,2025-10-02T03:14:20Z
c67bf1b67f6b6fc3fe459c1100a719e4,爱数客户,2025-10-02T03:14:20Z
c3849ea2f1763854096dff2f4fb92008,爱数客户,2025-10-02T03:14:20Z
c52a948b972bc84755527443fe2c50f8,爱数客户,2025-10-02T03:14:20Z
5b1ddff737a2307b62b231e35ad632bb,爱数客户,2025-10-02T03:14:20Z
6221ae40974fd1efbec7a1e0d25a65d3,爱数客户,2025-10-02T03:14:20Z
f5cc921e73ab96866fb86a3413db52ac,爱数客户,2025-10-02T03:14:20Z
c84b5a21b044281db99bfba763e53b51,爱数客户,2025-10-02T03:14:20Z
0395e2963e2964b4908c59bdc60b6053,爱数客户,2025-10-02T03:14:20Z
d6780392ee8c238303b8126ec12562d7,爱数客户,2025-10-02T03:14:20Z
94da98836246826538cd8dc08753b625,爱数客户,2025-10-02T03:14:20Z
42ebeae238bada746a38f407df0744e0,爱数客户,2025-10-02T03:14:20Z
bc8d820c69f98ae340a8beb63a9f2c86,爱数客户,2025-10-02T03:14:20Z
2980581f04b885f5774ec361b6ff0551,爱数客户,2025-10-02T03:14:20Z
128dfa505228c65377b0c8ba0415cdf0,爱数客户,2025-10-02T03:14:20Z
68c6fd103b9b1b966f907bb84586b920,爱数客户,2025-10-02T03:14:20Z
c31b0cea9ef3b26bae54775ba924ea3c,爱数客户,2025-10-02T03:14:20Z
e1f0d06bb10b3fe3548c9e1d3e6ae0ff,爱数客户,2025-10-02T03:14:20Z
c6a23e958aec2007ebbac69360a69ae5,爱数客户,2025-10-02T03:14:20Z
ad2a654f5940e40f356d4d22327448a9,爱数客户,2025-10-02T03:14:20Z
c9756d642cf11fdbd0cad9b7e5ae6ef9,爱数客户,2025-10-02T03:14:20Z
12a8f0ae4cb9f72277d1b200e1a2a876,爱数客户,2025-10-02T03:14:20Z
9854004f8bdfb466e5410f475d07ef20,爱数客户,2025-10-02T03:14:20Z
8675b904f943e5fd5af6a586c2692e3b,爱数客户,2025-10-02T03:14:20Z
743a3e4712c82753886515c65988fc49,爱数客户,2025-10-02T03:14:20Z
69107be6f9b424a959a3b3b91f1050cd,爱数客户,2025-10-02T03:14:20Z
c8ec8f64d50c5ad34fbdce38d87b70a0,测试,2025-10-02T03:14:20Z
7e9dd2ac81c52bbbd39d3b6f107ccab7,爱数客户,2025-10-02T03:14:20Z
783c0e6a6055fdb212461e6f43590162,爱数客户,2025-10-02T03:14:20Z
c38ee0b12ead1baad3eb1ff2f867ecae,爱数客户,2025-10-02T03:14:20Z
a76718b816023a3ce51d787bfdd053a7,爱数客户,2025-10-02T03:14:20Z
257fe81b9fec1980386c07f0038e5a85,爱数客户,2025-10-02T03:14:20Z
000ab94a61d9244751424bb3ba63908e,爱数客户,2025-10-02T03:14:20Z
2aa3d64a72121502204ca74dcd6d8cde,爱数客户,2025-10-02T03:14:20Z
939de5203f36115f17c7d6466aea0201,爱数客户,2025-10-02T03:14:20Z
0dd8cff863327d458b2fc04d38aeea18,爱数客户,2025-10-02T03:14:20Z
7c7adbb490f871c3a422e5cc0cbbd045,爱数客户,2025-10-02T03:14:20Z
7231dbbf106e7d3ce905d47a3515a9e1,爱数客户,2025-10-02T03:14:20Z
bb3b764732c386d085cfe34bbfdc819b,爱数客户,2025-10-02T03:14:20Z
98f02b2b7cdf7d45c035aca13badd1f2,爱数客户,2025-10-02T03:14:20Z
ff28532e3ff2265dd5465f6bca563c89,爱数客户,2025-10-02T03:14:20Z
33ddfa1fa6367c6ad61f93e980e7d1db,爱数客户,2025-10-02T03:14:20Z
dd1fde7623d7448ad0f5cc650adbe34a,爱数客户,2025-10-02T03:14:20Z
2a2566a839537d50b6a2ef58fd867b06,爱数客户,2025-10-02T03:14:20Z
8d8276799aca5f5482de16f50b6755c0,爱数客户,2025-10-02T03:14:20Z
f5574a83b17f01bb9adcbd554800e9d4,爱数客户,2025-10-02T03:14:20Z
116863cc43a8c2d1d2a384468f334cef,爱数客户,2025-10-02T03:14:20Z
d4d89b5fed66a490e6bd127ab74f8044,爱数客户,2025-10-02T03:14:20Z
180cefbeffc0c5183149b37c324d0dd8,爱数客户,2025-10-02T03:14:20Z
2da9e92d89c3302c6ef3e7c856c13f47,爱数客户,2025-10-02T03:14:20Z
dbc2f04f9273e1c0edc89ad4071736de,爱数客户,2025-10-02T03:14:20Z
767ee72f49e0bc1c751169ee401913d7,爱数客户,2025-10-02T03:14:20Z
1f04835e5344ed91c5ec30a23f5be211,巡检,2025-10-02T03:14:20Z
f52beb1d3170fe806b7d99eef3152cdd,爱数客户,2025-10-02T03:14:20Z
fbb6c8520af9f1915a0aaede8448a750,爱数客户,2025-10-02T03:14:20Z
8ce691c72d97b01d2177b3c6f2cd8f34,爱数客户,2025-10-02T03:14:20Z
de47828811ce6564a8974871da8459a4,爱数客户,2025-10-02T03:14:20Z
42766da8a41de6526d24a87bf92536fb,爱数客户,2025-10-02T03:14:20Z
c4c99d5dee7a1bbd543c7125b068fcc1,爱数客户,2025-10-02T03:14:20Z
a2de3978bc160736de0059615a636520,爱数客户,2025-10-02T03:14:20Z
7b96542c090f7d6b5fac5b1dc1d805ec,爱数客户,2025-10-02T03:14:20Z
e00f46e7b91bffd66b87e2d0be852ca6,爱数客户,2025-10-02T03:14:20Z
75ea0da9072d13a5b45921a5552c68d5,交付,2025-10-02T03:14:20Z
3b2aba0c3b1241235b4593e78933435f,爱数客户,2025-10-02T03:14:20Z
aa9fed3e760654ff56e6cb65b657e258,爱数客户,2025-10-02T03:14:20Z
13cc6a086ad16d70b6d31befd9371c2a,爱数客户,2025-10-02T03:14:20Z
1373e7810374d8b88317b80768a1fba2,爱数客户,2025-10-02T03:14:20Z
824d6f0699d06fc6e6b0340a269b926d,爱数客户,2025-10-02T03:14:20Z
3b8abee7717409079999426f1b7c2f92,爱数客户,2025-10-02T03:14:20Z
bedf7d34921e633544d1c483fed7351f,爱数客户,2025-10-02T03:14:20Z
c1836259d1a82c061d28c64677a6c87b,爱数客户,2025-10-02T03:14:20Z
323c68ef8e3c9bc447e0926b11a38051,爱数客户,2025-10-02T03:14:20Z
3df3a9dae19fdb1380f5832af74ae468,爱数客户,2025-10-02T03:14:20Z
26018d390da1a2752dc9c6de7675e293,爱数客户,2025-10-02T03:14:20Z
76c80a6db970532a1b35110157ed09a1,爱数客户,2025-10-02T03:14:20Z
e671a77764a43974ccd6096b5652df5a,爱数客户,2025-10-02T03:14:20Z
a7b7cd419be7b12e8dde491e738c1904,爱数客户,2025-10-02T03:14:20Z
c45981689c35854b9c60174788d76149,爱数客户,2025-10-02T03:14:20Z
326fac205ea253cb49f4d43798b9cd51,爱数客户,2025-10-02T03:14:20Z
30889ba1da334baeaa0221238fb8b0b2,爱数客户,2025-10-02T03:14:20Z
9304f8e19b1ac342d9750a8d79ed9412,爱数客户,2025-10-02T03:14:20Z
7c069e314d26ed1ba3b266ed5764f783,爱数客户,2025-10-02T03:14:20Z
ab623315d0021f4e4ee8b79fed7beac9,交付,2025-10-02T03:14:20Z
dc6f545892c5286c1852150279f2415b,爱数客户,2025-10-02T03:14:20Z
0b1c55c6aa001444ac1c65e00b63815d,爱数客户,2025-10-02T03:14:20Z
3ef8414a1c458cf404a3aca20723e1a1,爱数客户,2025-10-02T03:14:20Z
452769c8fe8940e988f56740ba810ce5,爱数客户,2025-10-02T03:14:20Z
7abbcd6010ce6e313fccd335399d8be3,爱数客户,2025-10-02T03:14:20Z
c12761d13d39c504514c7c5cac0395fc,爱数客户,2025-10-02T03:14:20Z
2137fd6f804e34af7f6c05dce1fe4bb7,爱数客户,2025-10-02T03:14:20Z
15f284c579f3e666e0e96ba08cc7bcc2,爱数客户,2025-10-02T03:14:20Z
3fc68c8dc68221a827fe1fb8b16b6ad2,爱数客户,2025-10-02T03:14:20Z
1a0032ba40e662058a1c3498a754f030,爱数客户,2025-10-02T03:14:20Z
b93aa1f41152e129dd2d865a0513ef64,爱数客户,2025-10-02T03:14:20Z
4afc8f5996e6c04b7b4f1e267422d518,爱数客户,2025-10-02T03:14:20Z
807ed8bc305ee7dfa894a1935c472857,爱数客户,2025-10-02T03:14:20Z
b29770be0403fb3043180e15f4aec758,交付,2025-10-02T03:14:20Z
e7c6188d4893f58822f02f4f8906b80d,交付,2025-10-02T03:14:20Z
0ea5e109236ae2fb4ee54469166e7728,爱数客户,2025-10-02T03:14:20Z
3e27268b79564453e8c9ed069696f82f,爱数客户,2025-10-02T03:14:20Z
92e170d946bd51493c8c3a4bf4515fcf,爱数客户,2025-10-02T03:14:20Z
9325c089ac85ed5bcce5256bbe57ea59,爱数客户,2025-10-02T03:14:20Z
91ca3ce14e099f01b7908ea6ddde5d50,爱数客户,2025-10-02T03:14:20Z
34efd847f87e3803bf0882f3ede6acc7,爱数客户,2025-10-02T03:14:20Z
c79caf430403030561169491c79e5b87,爱数客户,2025-10-02T03:14:20Z
3bd0d5fe912ef1e13d902212eb1d6bcd,爱数客户,2025-10-02T03:14:20Z
f9ec5f369c13b80f23106b31ac930143,爱数客户,2025-10-02T03:14:20Z
53ff41095134aefd94370e97bce9a466,爱数客户,2025-10-02T03:14:20Z
99eefb6ac89ab83a4176c6b1d0b7cd73,爱数客户,2025-10-02T03:14:20Z
fbf3d5c69e880c4242dece18a2996c43,爱数客户,2025-10-02T03:14:20Z
2dfc56480b0366f60e0870bd457b16d1,爱数客户,2025-10-02T03:14:20Z
d06f3bfdd78ec0f8f2c47271eb9994d7,爱数客户,2025-10-02T03:14:20Z
c0aeaeda2503cc4e403760491f6de45e,爱数客户,2025-10-02T03:14:20Z
32e7bf9a66b7287d8db112de15077d49,爱数客户,2025-10-02T03:14:20Z
4577fdb96446a016fc0a0360e091fd02,爱数客户,2025-10-02T03:14:20Z
b2c3d8eb9f8e39afd8ab376b5030cfd0,爱数客户,2025-10-02T03:14:20Z
16699a4486dd02969ea463429b7ca325,爱数客户,2025-10-02T03:14:20Z
43fe9b0796f7e4e02220b5af5ef1c7ff,爱数客户,2025-10-02T03:14:20Z
130df06435edbf6eba9e6f9b159b462b,爱数客户,2025-10-02T03:14:20Z
df534a73c623f43bf4ff662ba37c3fee,爱数客户,2025-10-02T03:14:20Z
1dc24596ebc81b7b13d0e0a082d144f4,爱数客户,2025-10-02T03:14:20Z
f50fe5181ec16256a9fe06a48e9caee9,爱数客户,2025-10-02T03:14:20Z
54279cb061e47305c5f5aa8e733aecab,爱数客户,2025-10-02T03:14:20Z
b0ec5d5684096e2dc862c676589ec766,爱数客户,2025-10-02T03:14:20Z
816631c838c34b5dcde6e460caefabe3,爱数客户,2025-10-02T03:14:20Z
bb7c9293d52a45a7ae975f20a0a50ab5,爱数客户,2025-10-02T03:14:20Z
8f9def4d5bade1dff3cc6c7a8806a494,爱数客户,2025-10-02T03:14:20Z
2d130d08014105dcc8929f1b0431af0a,爱数客户,2025-10-02T03:14:20Z
a3d314477ba0b208bd713b20711aa3bc,爱数客户,2025-10-02T03:14:20Z
8dc514e2af225e05935de4e083b3f04c,爱数客户,2025-10-02T03:14:20Z
20d734842c9d62705b6d6cece178b111,爱数客户,2025-10-02T03:14:20Z
91bccc12e02878a4525f06fd330a4239,爱数客户,2025-10-02T03:14:20Z
0a11714be6e0194ad2e625c238a98024,爱数客户,2025-10-02T03:14:20Z
8fe0cfcc93c9619fb3058efedd8ea868,爱数客户,2025-10-02T03:14:20Z
19def958cb06776eb42738412db33b4d,爱数客户,2025-10-02T03:14:20Z
70e9237b0fa43ba2e771768a89ae5dff,爱数客户,2025-10-02T03:14:20Z
26d94bd3f23490e6aa6ab65ba021027f,爱数客户,2025-10-02T03:14:20Z
e98ec78ba05066c565ec3b5dda46eaf5,爱数客户,2025-10-02T03:14:20Z
d607f0b10b6177c79eacae574e81c443,爱数客户,2025-10-02T03:14:20Z
337ebab0866f0a606cda7a36b72bc341,爱数客户,2025-10-02T03:14:20Z
0f5b25a9d27765ebfcf083b41a4d8de2,爱数客户,2025-10-02T03:14:20Z
5b9baeced28efa274a8a11465bca09b6,爱数客户,2025-10-02T03:14:20Z
9da39de6d77e28c721881b13f19d0cfb,爱数客户,2025-10-02T03:14:20Z
6d23abdc3842f8ffe4508b5d33a51663,爱数客户,2025-10-02T03:14:20Z
141ef6fb193439afb200eb924a955a11,爱数客户,2025-10-02T03:14:20Z
262485d2f5889a06cf631ef9598f2558,爱数客户,2025-10-02T03:14:20Z
c7d7c3f6ba586b12df2b2eb8be7a627c,爱数客户,2025-10-02T03:14:20Z
d60ee410b14f2f38c52823655b179664,爱数客户,2025-10-02T03:14:20Z
09117bfdfdac7d0adfd40f11139aefbb,爱数客户,2025-10-02T03:14:20Z
e8877cc990cd1e9cfe9dc4011a1fa2bb,爱数客户,2025-10-02T03:14:20Z
586cc73e6a83a60f66f69b1a1609a4a9,爱数客户,2025-10-02T03:14:20Z
409271fa87d635a4a37df4ae0867768e,爱数客户,2025-10-02T03:14:20Z
0a457cd40d2eaf6a69e5d18f50bccbec,巡检,2025-10-02T03:14:20Z
a28bce8b5fee7ef3c5280035cfa819ab,爱数客户,2025-10-02T03:14:20Z
e7219f97985536a7604fd3414e6713d7,爱数客户,2025-10-02T03:14:20Z
66ca4167264a97c0cdf9e70de3e26ad5,爱数客户,2025-10-02T03:14:20Z
487983d4f908840d78e10d2bd6623999,爱数客户,2025-10-02T03:14:20Z
9ce595b2907a8e95c4a716501c223bad,爱数客户,2025-10-02T03:14:20Z
be416a1b3119a7886309e859bb072e37,爱数客户,2025-10-02T03:14:20Z
25b583e60a4940c2a5f70b673b6c8f1b,爱数客户,2025-10-02T03:14:20Z
91f2fdd15ebef7fdf4ff54a0d20d0001,爱数客户,2025-10-02T03:14:20Z
4228ea4b3d3be90b8c53022a8a3443f8,爱数客户,2025-10-02T03:14:20Z
c1a10bfb5c2e4074b470765502189d30,爱数客户,2025-10-02T03:14:20Z
6f3133151b916e0ed3990b38588b3768,爱数客户,2025-10-02T03:14:20Z
58fb1128688a37f9fe6ff1cd8bd621ed,爱数客户,2025-10-02T03:14:20Z
8a5e7be4c6b091f6241e7573a25a8a41,爱数客户,2025-10-02T03:14:20Z
70901e3d39192c17457060b80c861e6c,爱数客户,2025-10-02T03:14:20Z
be3997f372c6d5721d54aae37a0b94a9,爱数客户,2025-10-02T03:14:20Z
dec34eca8188185f1b029e0ee8718228,爱数客户,2025-10-02T03:14:20Z
eecafe14c9e00d435ed3bebcd5cee238,爱数客户,2025-10-02T03:14:20Z
2dbecc95501e6f5b682a95eebd4b692d,爱数客户,2025-10-02T03:14:20Z
0b38aae260a5d7d0dce2c413b8d083e6,爱数客户,2025-10-02T03:14:20Z
cdb926f8afe0d68888c1f822f841b459,爱数客户,2025-10-02T03:14:20Z
81f02ddfd909fdb095509966318b9906,爱数客户,2025-10-02T03:14:20Z
886cd817f8f83e0ec2eb52dcf7daf299,测试,2025-10-02T03:14:20Z
b78862c39d2ca69343bdbf46a5a6ebd8,爱数客户,2025-10-02T03:14:20Z
79695e8bd5b409971154ca1fbf596a12,爱数客户,2025-10-02T03:14:20Z
7a2361dc98a52d437513fa7cf7b6db55,爱数客户,2025-10-02T03:14:20Z
fb1ecfaa8302dbcb62cd6b09c44046d0,爱数客户,2025-10-02T03:14:20Z
aa42a2bd74d82e583ef2d1f258b54bb9,爱数客户,2025-10-02T03:14:20Z
0876ccd11bc701d746e9425ae4113490,爱数客户,2025-10-02T03:14:20Z
24111bcf9afc94494aca2518298d8e50,爱数客户,2025-10-02T03:14:20Z
965b27282e6db359abf5f019ec4fd1b9,爱数客户,2025-10-02T03:14:20Z
5851892d23c894d2eeaf2815afff435b,爱数客户,2025-10-02T03:14:20Z
60b369cf15f5cda435ff6663705a61cd,爱数客户,2025-10-02T03:14:20Z
a7226d54e01b3fad3cd9135aa29689a7,爱数客户,2025-10-02T03:14:20Z
e2871da658110a0d5d82873b3c13169b,爱数客户,2025-10-02T03:14:20Z
feeb5be57c65f9728a44c3961c991e79,爱数客户,2025-10-02T03:14:20Z
3d0f468b68d0aa11cb54bfac11bbfe67,爱数客户,2025-10-02T03:14:20Z
7f2bed1cb56cc9cb3ec8006416fd484b,爱数客户,2025-10-02T03:14:20Z
79d0c6c9f0b8cd12d6257b2d3c430ff6,爱数客户,2025-10-02T03:14:20Z
e90f2c396e8b832e195947e99faf5664,爱数客户,2025-10-02T03:14:20Z
09b018d2fe6b3bf64a89ba615a52198d,爱数客户,2025-10-02T03:14:20Z
d5886c1defb7c00be1839b261be3a16d,爱数客户,2025-10-02T03:14:20Z
d4fe6db42c556f6fabd810d20ec2dfea,爱数客户,2025-10-02T03:14:20Z
23ece252adfa364d36be63b55dd519f0,爱数客户,2025-10-02T03:14:20Z
a3bdd28e555246f012d2767f676e36cc,爱数客户,2025-10-02T03:14:20Z
47d91ebf2031b58413a671077303ae81,爱数客户,2025-10-02T03:14:20Z
a2e4a08bc6292193f352c277280cbb56,爱数客户,2025-10-02T03:14:20Z
246d69f38bcc9194a51ddaffe9f2af22,爱数客户,2025-10-02T03:14:20Z
3d2ee5c96489dd0a8ae5611c1fca298d,交付,2025-10-02T03:14:20Z
80f862f89be3e2c8d3844b0516dec0d6,爱数客户,2025-10-02T03:14:20Z
9e154a17a5620ee5b97ae90f332f30a2,爱数客户,2025-10-02T03:14:20Z
0341c0ccd3ea2b5a30484bea1df9680e,爱数客户,2025-10-02T03:14:20Z
308297d53e170f915251996aac05cb15,爱数客户,2025-10-02T03:14:20Z
fa3c6a468f51df943d5284c848519874,爱数客户,2025-10-02T03:14:20Z
50e31a1ed32fbbcd4ee5a859d74f9b4a,爱数客户,2025-10-02T03:14:20Z
3974e51abf99f2c5151b897f9ca25ccf,爱数客户,2025-10-02T03:14:20Z
b306911bb69e373711dd05f5e8162af3,爱数客户,2025-10-02T03:14:20Z
e4181bf6334acd84c1c6a605e589f0b2,爱数客户,2025-10-02T03:14:20Z
d924b7eaaae18f1dd00a563f9b2c24fc,爱数客户,2025-10-02T03:14:20Z
f63c0912ca554ae02028ab457408aee9,爱数客户,2025-10-02T03:14:20Z
0cc64894507f3332d4bf33854ecdb1c1,爱数客户,2025-10-02T03:14:20Z
1bf86a325fbe788703968996c400adac,爱数客户,2025-10-02T03:14:20Z
c9291f8fb183f992e4dfdfb43bddd58a,爱数客户,2025-10-02T03:14:20Z
4f995972a5cff5a0f13461d3cd46dccd,爱数客户,2025-10-02T03:14:20Z
94ede082d9053eea4d2f677234971487,爱数客户,2025-10-02T03:14:20Z
0695108dfdafceb26728d296c8c42837,爱数客户,2025-10-02T03:14:20Z
44c88f415255ab42ffdc4f7be058cc6e,爱数客户,2025-10-02T03:14:20Z
5c3dd962b0a5c5cc56b948e5ff3878ef,爱数客户,2025-10-02T03:14:20Z
f152ecdb6bac5baacb86043fcb73ff53,爱数客户,2025-10-02T03:14:20Z
6a1f6d034e7dce560ff7ddc40fab8a78,爱数客户,2025-10-02T03:14:20Z
f788397dbb572142ada47dd9dd51fad7,爱数客户,2025-10-02T03:14:20Z
81d7db2f4554ed4a08f11f6a79e25f9f,爱数客户,2025-10-02T03:14:20Z
75504afd11ed666696fe563b30589f66,巡检,2025-10-02T03:14:20Z
5d860b30544bf8584d818e65d20500f8,爱数客户,2025-10-02T03:14:20Z
5673e51dc1ba0dd5bee3d8ebede5eeb0,爱数客户,2025-10-02T03:14:20Z
c3f3eefe1054605a64a6945497b02996,爱数客户,2025-10-02T03:14:20Z
3af43110be969902800a2f94879ccaf7,爱数客户,2025-10-02T03:14:20Z
d22e02277e65fae2ed75d06c9a5560c1,爱数客户,2025-10-02T03:14:20Z
d22e02277e65fae2ed75d06c9a5560c1,巡检,2025-10-02T03:14:20Z
f8ef9224271f2659850eb903eafe9d16,爱数客户,2025-10-02T03:14:20Z
f28fb86f7d617bc1bf07a58d1ecabfc0,爱数客户,2025-10-02T03:14:20Z
d791062d5639f2152255d769e30c46c2,爱数客户,2025-10-02T03:14:20Z
9c3072cd7f94af20275ab8d5b746422a,爱数客户,2025-10-02T03:14:20Z
9b3bef93804272621f0eb012c29bdec7,爱数客户,2025-10-02T03:14:20Z
d68695a6cf63e07ff9d2a1eb88fc79e9,测试,2025-10-02T03:14:20Z
cb96e4251ba73012ab04ead0060ad0e0,爱数客户,2025-10-02T03:14:20Z
f3cd62d5d99436b913d64a02f56b8721,爱数客户,2025-10-02T03:14:20Z
f1d3daba68e6f82f961bbdd220b6deca,爱数客户,2025-10-02T03:14:20Z
b0230dbf0137561918a5473fe371220c,爱数客户,2025-10-02T03:14:20Z
e9f0abbc864e8f2c531b746ce1d4aa03,交付,2025-10-02T03:14:20Z
e9f0abbc864e8f2c531b746ce1d4aa03,爱数客户,2025-10-02T03:14:20Z
f8cddfe83ea7cba56aac9ee2cf470ba6,爱数客户,2025-10-02T03:14:20Z
d3336738029579401c9ea902bc6897a9,爱数客户,2025-10-02T03:14:20Z
3288d2dbe51a614881b9a987d3020d15,爱数客户,2025-10-02T03:14:20Z
f465f7616ebcfff8c036d518d9947e89,爱数客户,2025-10-02T03:14:20Z
15316d8e2885d688047762d0770454e2,爱数客户,2025-10-02T03:14:20Z
7fc34dabbf01313e1006ed7725bf2cc8,爱数客户,2025-10-02T03:14:20Z
8b9e62b7e7e0e8f77246e65c32b0e98a,测试,2025-10-02T03:14:20Z
828aff99ffd75e02580ac427d2fd5803,爱数客户,2025-10-02T03:14:20Z
1ddc1c01904c0475042713a736d59e1e,爱数客户,2025-10-02T03:14:20Z
9a471dc1d26df440259aa0e32700a1c2,爱数客户,2025-10-02T03:14:20Z
d895731d93f7789dcc824da0c66a6933,爱数客户,2025-10-02T03:14:20Z
0d50b8c489011159e229336ca2a21501,爱数客户,2025-10-02T03:14:20Z
a5541b43c3956fb29a1172e6771a0006,爱数客户,2025-10-02T03:14:20Z
4cdd64ec32478dd869c30c38060f1220,爱数客户,2025-10-02T03:14:20Z
5009e69165ede7e14a7ab4a780a0d7ab,爱数客户,2025-10-02T03:14:20Z
e0e96ec6c1fc56415f9c465d09eb7536,爱数客户,2025-10-02T03:14:20Z
3713ab3383765b95f8710e7764a7aff9,爱数客户,2025-10-02T03:14:20Z
17d0de62b44133e300ee507de3408669,爱数客户,2025-10-02T03:14:20Z
8fc2b1808b7bad60682338321a5608bd,爱数客户,2025-10-02T03:14:20Z
d1281c1afb58b7a858b927768b984e77,交付,2025-10-02T03:14:20Z
8996d7e36e4f74b558f2bf8ebb59cf05,爱数客户,2025-10-02T03:14:20Z
9b428037fb6f3a4ed1dafdcb08782baa,爱数客户,2025-10-02T03:14:20Z
8b9d96e2b22e59143b14ad36c4edd92b,爱数客户,2025-10-02T03:14:20Z
8f8ce07997de0d2f5e7965a1566db25c,爱数客户,2025-10-02T03:14:20Z
3b8f985dade1ec0eeeaa227cb28c8a92,爱数客户,2025-10-02T03:14:20Z
5b122c3ce03082e653debcd8c539038a,爱数客户,2025-10-02T03:14:20Z
63efd6638b1753c66495df0d672fe6bc,爱数客户,2025-10-02T03:14:20Z
a9f92f12bb79fb908bb4e8f6f2bd3386,爱数客户,2025-10-02T03:14:20Z
3dfcd6ca3d0c31a68b12fdade8c8b302,爱数客户,2025-10-02T03:14:20Z
3cdaf3ddc15fb1879d2b7af8781b55e4,爱数客户,2025-10-02T03:14:20Z
a4b4d9f4b7f0d28149b927222c028a63,爱数客户,2025-10-02T03:14:20Z
8517cb6ffd0352cb4e6dc576aa4c8e11,爱数客户,2025-10-02T03:14:20Z
52b198a2f992f4960acd39f91f1c4c54,爱数客户,2025-10-02T03:14:20Z
add73205b15d268955b85957ba67ce06,爱数客户,2025-10-02T03:14:20Z
92659262ee2101d46f439f13c30b66af,爱数客户,2025-10-02T03:14:20Z
e421cfd86ecee45b4ee9712a8f99ab79,爱数客户,2025-10-02T03:14:20Z
0bbd0f0be52325a8614e7bc90984d4f9,爱数客户,2025-10-02T03:14:20Z
0e748ace00ca113f69abeaa1fdf161a4,爱数客户,2025-10-02T03:14:20Z
92879787d1794732913c68850dd07102,爱数客户,2025-10-02T03:14:20Z
b2d9a19f6cd308126147f8bb6210e4ad,爱数客户,2025-10-02T03:14:20Z
904a94556c72463351b14f31ed380de3,爱数客户,2025-10-02T03:14:20Z
4be99f1026a7268c77b6eb4993ad32f3,爱数客户,2025-10-02T03:14:20Z
23b24d426ed71b687e507454508b1f68,爱数客户,2025-10-02T03:14:20Z
56d1a319910c29f9f1e7e314b926f84b,巡检,2025-10-02T03:14:20Z
18e49f37493341dc7e59085a161fa8f9,爱数客户,2025-10-02T03:14:20Z
7c6dc8fc5818f8e5695a47c65cd96d34,爱数客户,2025-10-02T03:14:20Z
4c2dc56788a18a914995a8c73bb13b90,爱数客户,2025-10-02T03:14:20Z
fdeecd2b207f983cfc9771e9a0ae4c0a,爱数客户,2025-10-02T03:14:20Z
52bdfc38578bab61bf2123192e556828,爱数客户,2025-10-02T03:14:20Z
b79c4aff4b1b7dd635828b91701b3cb8,爱数客户,2025-10-02T03:14:20Z
bba4279f41d7aa923f71161d6a81047e,爱数客户,2025-10-02T03:14:20Z
507572285f0954509cfeba7f6195c914,爱数客户,2025-10-02T03:14:20Z
e6c4104ac1388e4963a6b206b5aed23c,巡检,2025-10-02T03:14:20Z
7b525b6b7e87952484fbdcbc9cb054ea,爱数客户,2025-10-02T03:14:20Z
22dc2cdb158ba431e0dcbbb83ecca770,爱数客户,2025-10-02T03:14:20Z
7cea05012593cc8dc097ea3bbea3086d,爱数客户,2025-10-02T03:14:20Z
854bdb726d90d539daaeea598d15f53f,爱数客户,2025-10-02T03:14:20Z
d243098a00ad5bef926a3ca9b866129f,爱数客户,2025-10-02T03:14:20Z
0aa24affdbf3139b242d32ca3908144d,爱数客户,2025-10-02T03:14:20Z
c4fbb1073f9379519a3c953c8365eccc,爱数客户,2025-10-02T03:14:20Z
dfc2d0e52b56da3875b487254763759a,爱数客户,2025-10-02T03:14:20Z
c91721c98bdfcd68617f67f8243dd669,巡检,2025-10-02T03:14:20Z
c91721c98bdfcd68617f67f8243dd669,产品交流,2025-10-02T03:14:20Z
2aa4bcb9872f1f5b4753ef5b1229903a,爱数客户,2025-10-02T03:14:20Z
a926a7d303a5bc8f036dcba4424acf4b,爱数客户,2025-10-02T03:14:20Z
560aa728307ec162cf7386b9b5b65352,爱数客户,2025-10-02T03:14:20Z
5c58478b9b7a5c6cab21ed4ca8c4082a,爱数客户,2025-10-02T03:14:20Z
00a3d62efed8f2c3956ea7890c1fb4a3,爱数客户,2025-10-02T03:14:20Z
bd8fa2c1662436d41884311c8bb87e29,爱数客户,2025-10-02T03:14:20Z
7fe9eef6c9033140777d73260da3d505,爱数客户,2025-10-02T03:14:20Z
ae9a9d4389ee5b219a53d33bc98f586e,爱数客户,2025-10-02T03:14:20Z
0352dedbd0e365d4d4da1a5569dd7a44,爱数客户,2025-10-02T03:14:20Z
25dc96b4e53df970d289d697629438bd,爱数客户,2025-10-02T03:14:20Z
ebc15efc5a414ff5ac41455a021098be,爱数客户,2025-10-02T03:14:20Z
7584668125832e24cc569d0c0030bdd8,爱数客户,2025-10-02T03:14:20Z
5e2b22f158ca7353d5f7f26e43690c7e,爱数客户,2025-10-02T03:14:20Z
d4045f55c45b604fe0e6cf3e2770fbaf,爱数客户,2025-10-02T03:14:20Z
b860b7e419140ce21b73cb13c748e5b9,巡检,2025-10-02T03:14:20Z
52520953ad94092a9f8127c752fe2bef,爱数客户,2025-10-02T03:14:20Z
a318164f1b6340b3f3777092f07a82bb,爱数客户,2025-10-02T03:14:20Z
48db5ffe30db1d423a1f4e11d4d593f1,巡检,2025-10-02T03:14:20Z
69d979eafbe6ead2340c97e5e2cbffe1,维保,2025-10-02T03:14:20Z
6bca9f14675df55a5c68a51163f3b80c,爱数客户,2025-10-02T03:14:20Z
d77066e91827f099575bf243d3bdc10c,爱数客户,2025-10-02T03:14:20Z
88484d5e4b9027a9c11e9a50ce037392,爱数客户,2025-10-02T03:14:20Z
095a1a92fbf0c2c2ecd33cc0e269eed4,爱数客户,2025-10-02T03:14:20Z
094727c1c545a6f316c2f9d318c8205b,测试,2025-10-02T03:14:20Z
8438b962145b6390ba9ef7afe34bfc6c,爱数客户,2025-10-02T03:14:20Z
975e8a1e96e01e862cc7afe008db67b0,巡检,2025-10-02T03:14:20Z
6da146d20418f95b10aa35f037a76b01,巡检,2025-10-02T03:14:20Z
527547e457c43b8870d8569413f2bff9,爱数客户,2025-10-02T03:14:20Z
7c3d12e03537b1f82e1e052391d201d8,爱数客户,2025-10-02T03:14:20Z
075b6188db0570b009c86ba29614db7b,爱数客户,2025-10-02T03:14:20Z
075b6188db0570b009c86ba29614db7b,巡检,2025-10-02T03:14:20Z
86d0927711a0bf3ef038fed8ed31f1cd,爱数客户,2025-10-02T03:14:20Z
a14c9e461a16c9849747ea4ae9ff2810,爱数客户,2025-10-02T03:14:20Z
6c2a939c1d3efc10fb712d14217faaf4,爱数客户,2025-10-02T03:14:20Z
6c2a939c1d3efc10fb712d14217faaf4,巡检,2025-10-02T03:14:20Z
eeae232860d5da31343d7ee154ab508f,爱数客户,2025-10-02T03:14:20Z
1fd54a4b8b9c613f4d54ab568e7f93d4,爱数客户,2025-10-02T03:14:20Z
ece95f533e81bb26831f7638dd01a818,爱数客户,2025-10-02T03:14:20Z
397cd7f2832079ef0de7e398b6f1b7d9,爱数客户,2025-10-02T03:14:20Z
80bf1c48a808d85302b8da77ca39bb16,爱数客户,2025-10-02T03:14:20Z
177f703ed4e7864950645717ba559098,爱数客户,2025-10-02T03:14:20Z
6eb3b7fec064be6211b8cb64815b45d0,爱数客户,2025-10-02T03:14:20Z
a0271aa7728fe1f02aa3e8d3107669be,爱数客户,2025-10-02T03:14:20Z
1191f1735930c0a52b9a1fcb65f1f782,巡检,2025-10-02T03:14:20Z
1191f1735930c0a52b9a1fcb65f1f782,爱数客户,2025-10-02T03:14:20Z
7af187e3e576383c1fb492ccfdaebbe2,巡检,2025-10-02T03:14:20Z
23502c489f05789f799ed2eeea4830cb,爱数客户,2025-10-02T03:14:20Z
23502c489f05789f799ed2eeea4830cb,巡检,2025-10-02T03:14:20Z
ef9c19e06ae589e5de10741f4bb857c0,交付,2025-10-02T03:14:20Z
59352c83c77acb4aef39c961898379d4,爱数客户,2025-10-02T03:14:20Z
7b2121ef5c2e7a4c8b6c9b1ecc0b7245,交付,2025-10-02T03:14:20Z
4874e286c354288589b263e561f1fce6,爱数客户,2025-10-02T03:14:20Z
9d54046561e7b784aba37ecca8021e57,爱数客户,2025-10-02T03:14:20Z
84046a2d48f2b181a0625d52a8c50444,爱数客户,2025-10-02T03:14:20Z
61356a898b0192155259043672d4d942,爱数客户,2025-10-02T03:14:20Z
5d5c05733c8a7a155871f5bd593f8b48,维保,2025-10-02T03:14:20Z
d90f59114d75d05a600fa93e14eec976,爱数客户,2025-10-02T03:14:20Z
a3d22cabe192b543aac755f1444b6fce,爱数客户,2025-10-02T03:14:20Z
a5fde3cb9d368b16b109ea897b5d62b4,爱数客户,2025-10-02T03:14:20Z
ec4a8829dbafe0479e5d9950440d7023,爱数客户,2025-10-02T03:14:20Z
c7c26c42f973da124e2cd12a0e7cab19,爱数客户,2025-10-02T03:14:20Z
b9a60b599a77541cbd64a38a3db673ca,爱数客户,2025-10-02T03:14:20Z
a3958202907bdcbc615e503b68d203b0,爱数客户,2025-10-02T03:14:20Z
145b8ec6c6ae828ea410d66d50d83469,爱数客户,2025-10-02T03:14:20Z
71a8b79f715bdbf9f795eb5bd1353125,爱数客户,2025-10-02T03:14:20Z
0abca0f220e89a94928cf1a0d551b132,巡检,2025-10-02T03:14:20Z
360a190becc5068bdc044dc4bce564c1,爱数客户,2025-10-02T03:14:20Z
0a879d70ff1dbbcc4b8998608d9ba898,巡检,2025-10-02T03:14:20Z
5482810857502eff349fcf689ea12c29,爱数客户,2025-10-02T03:14:20Z
f3c934162145ddc3cb9c960b03b40029,爱数客户,2025-10-02T03:14:20Z
6a52df21b603bbda9c6564f7942ae68b,爱数客户,2025-10-02T03:14:20Z
4e542905a4aad302ea5fc3acaacde1ad,爱数客户,2025-10-02T03:14:20Z
a16373b667a45f040da66f5f144935ce,爱数客户,2025-10-02T03:14:20Z
8422045e4afe3e2b012bba7e87bdab55,爱数客户,2025-10-02T03:14:20Z
7ce5d3ba0eda1cd7ad61c123c60f71bb,爱数客户,2025-10-02T03:14:20Z
2287ba8b5c911a9279e17611e3bd4079,爱数客户,2025-10-02T03:14:20Z
3537301ce57e76b2c098448d4baf4d97,爱数客户,2025-10-02T03:14:20Z
5fdd69274f0c2e263e6af4dcfae4be0d,爱数客户,2025-10-02T03:14:20Z
44d246c900ab7cb1b44b930e4d3a3ed1,爱数客户,2025-10-02T03:14:20Z
2a2c998f7702aaa6772ce52431a19564,爱数客户,2025-10-02T03:14:20Z
47713b22213838dfeba7a469fed975ff,爱数客户,2025-10-02T03:14:20Z
618894badfdbb3570dafa79f990ee97f,爱数客户,2025-10-02T03:14:20Z
0df1ab5a2baf9900569e2d633877a6f2,爱数客户,2025-10-02T03:14:20Z
d22578dab30fde7875148345af0845a1,测试,2025-10-02T03:14:20Z
9d37a63d010b59642277f91925303244,爱数客户,2025-10-02T03:14:20Z
30c6a91bfe74b0f7cc88bc8db14e5b11,巡检,2025-10-02T03:14:20Z
730f4c316044d7848a240fd690da3cff,爱数客户,2025-10-02T03:14:20Z
f2374b373621413cb4decbd3466cbdfc,爱数客户,2025-10-02T03:14:20Z
83fc9d896fe062381316197aa770ad4a,爱数客户,2025-10-02T03:14:20Z
316eb747403103f9cb722cd4de62189c,爱数客户,2025-10-02T03:14:20Z
5abeb3bee1b86e2d6721e2ec88d6f449,巡检,2025-10-02T03:14:20Z
5abeb3bee1b86e2d6721e2ec88d6f449,产品交流,2025-10-02T03:14:20Z
7cefe28b4e29eaabfdb202f8f0bfe01c,爱数客户,2025-10-02T03:14:20Z
2710346ba43c253b69d95692136bfceb,爱数客户,2025-10-02T03:14:20Z
87ff8ce8afd02f068448721df61d86db,爱数客户,2025-10-02T03:14:20Z
ca128ec93bf0d7895000a8c7dbb1e33f,爱数客户,2025-10-02T03:14:20Z
ff114cd0c1b8c21be3f22ee190c0724e,爱数客户,2025-10-02T03:14:20Z
374eed9c3747adab49ecb5b3bae81348,爱数客户,2025-10-02T03:14:20Z
1d1c668dfaf3385eabdfa5caa1c6ac22,爱数客户,2025-10-02T03:14:20Z
d63c8b6c8953eb2fd647975e81dd8e73,爱数客户,2025-10-02T03:14:20Z
ab49431396b49520721436599d7cb495,爱数客户,2025-10-02T03:14:20Z
2ea709ae6c6c3b9abc1c0a89e48c5715,爱数客户,2025-10-02T03:14:20Z
a2d4ebac548cdf2bf61d5441c61727d7,爱数客户,2025-10-02T03:14:20Z
89fe43be76746e872175ad9508ef0ca0,爱数客户,2025-10-02T03:14:20Z
3c53140c1561cd6340d5d07728c2739d,爱数客户,2025-10-02T03:14:20Z
