opportunity_id,status,ingested_at
bdb476a5cdc1c8363472e72f43420e47,初期沟通,2025-10-02T03:14:20Z
9bfc145ff7bd8841af91bbf6d1fbc4e9,初期沟通,2025-10-02T03:14:20Z
e1782ec62c7e2a4a1edf57e6adf534a1,初期沟通,2025-10-02T03:14:20Z
f21bc50bf4991e2e6b51b0a142f0fbe1,初期沟通,2025-10-02T03:14:20Z
319abda67eebdf2b0017c74f48b385de,初期沟通,2025-10-02T03:14:20Z
7f6bcc028f0039e0197bc35f04643de3,合同签约,2025-10-02T03:14:20Z
fccbf2c4c87e7b538491923e7a91afc8,合同签约,2025-10-02T03:14:20Z
b715a89afa0a81a08b4a33d0e93402a8,初期沟通,2025-10-02T03:14:20Z
4da0b7af5a76c5eeb0268c6211511494,初期沟通,2025-10-02T03:14:20Z
22c969ce8fce6bf0c05a0098dfe5cf78,初期沟通,2025-10-02T03:14:20Z
01ce1d9b19016f75a02f95cbbff88496,初期沟通,2025-10-02T03:14:20Z
afdddd54f0fa48fb14103230cfed0605,初期沟通,2025-10-02T03:14:20Z
afdddd54f0fa48fb14103230cfed0605,方案制定,2025-10-02T03:14:20Z
fc48c1730b8036411bdd4c474fa23c66,初期沟通,2025-10-02T03:14:20Z
c3f2d47cd4c5741613a5316d7c5b9539,初期沟通,2025-10-02T03:14:20Z
93056d3889faca3bcf13c31e36bdcd2e,初期沟通,2025-10-02T03:14:20Z
4a478269b4150bfbbc18cfec6d71144a,询价/投标,2025-10-02T03:14:20Z
4a478269b4150bfbbc18cfec6d71144a,初期沟通,2025-10-02T03:14:20Z
54a9b2f3b990c4dc5dc394ad83f36f14,初期沟通,2025-10-02T03:14:20Z
13bb69f2557aca4b82d4c6ca16a0ee73,初期沟通,2025-10-02T03:14:20Z
ff6ea31d984a77abb0a4402fe1d347ee,初期沟通,2025-10-02T03:14:20Z
4a6bf9999814e54063138ae0e1755fcf,初期沟通,2025-10-02T03:14:20Z
43c9f075ba375f1eae9f8543ffa5afb9,初期沟通,2025-10-02T03:14:20Z
d13dbb4bce5b7316e06cb2c35599df71,初期沟通,2025-10-02T03:14:20Z
f8009d06917f0226431fff9dee7d7b3e,初期沟通,2025-10-02T03:14:20Z
6d01ad00a55182169a4844372b67a4be,初期沟通,2025-10-02T03:14:20Z
edeaf65c21971543ead4a9ef10c4691b,询价/投标,2025-10-02T03:14:20Z
e8f28d399dde9589c78d1aaddc2b0618,初期沟通,2025-10-02T03:14:20Z
daa05ba75258ba8b650d7ce9ac2d8b4e,初期沟通,2025-10-02T03:14:20Z
8f011a562a18bc13daae1fb9e168175f,初期沟通,2025-10-02T03:14:20Z
b80345e363222e44a7ebf32773912de0,初期沟通,2025-10-02T03:14:20Z
bec07ddb88f4a0a4ce61048e52655a7b,初期沟通,2025-10-02T03:14:20Z
cc3772a6f5d96bb910c4df00b8c5b83f,初期沟通,2025-10-02T03:14:20Z
566287288bcf492881619ad1d03e19ce,初期沟通,2025-10-02T03:14:20Z
45c71afa09877235bbd0ae5676758725,初期沟通,2025-10-02T03:14:20Z
01b301cd3ca15fd59c0d20554dd6f009,初期沟通,2025-10-02T03:14:20Z
990fc24321d53e406ee477cd2f909b31,初期沟通,2025-10-02T03:14:20Z
98d1b3ffa7b01ca73003564ed938d967,初期沟通,2025-10-02T03:14:20Z
754c2862e6633540205b7e1c93555181,初期沟通,2025-10-02T03:14:20Z
fb9eaabcdb3432b20867a5a413e5c40a,初期沟通,2025-10-02T03:14:20Z
eb603870d0fb35fc5ebc86c044f8ec87,初期沟通,2025-10-02T03:14:20Z
bd7cb8dff1a8d2546b0052e3e9df0eea,初期沟通,2025-10-02T03:14:20Z
0c925e93b7e23d4d59b9389775ae79be,初期沟通,2025-10-02T03:14:20Z
8562f00175ff44cc881bd34823da9668,初期沟通,2025-10-02T03:14:20Z
cadbc3e3e208abe93f8801efe1a560db,初期沟通,2025-10-02T03:14:20Z
cadbc3e3e208abe93f8801efe1a560db,询价/投标,2025-10-02T03:14:20Z
96932e1c82f5311d78b671b2a5ef09bd,初期沟通,2025-10-02T03:14:20Z
24b340594f331f140e3e64533603d775,初期沟通,2025-10-02T03:14:20Z
8976cd1a83f02c8e0d287ee32662962f,初期沟通,2025-10-02T03:14:20Z
de73bfdc375db5bd8da40279f2963161,初期沟通,2025-10-02T03:14:20Z
0801abd87f828046818e07156a2771cb,初期沟通,2025-10-02T03:14:20Z
b2ba09550acdd148f64897ab8a34b4ba,初期沟通,2025-10-02T03:14:20Z
4ec1fe27e8fa02c8805fbf4819c1698d,初期沟通,2025-10-02T03:14:20Z
228d55a6d3dfa6c566aafb953e4b5aa5,初期沟通,2025-10-02T03:14:20Z
ed692ec595d52f5e6db1bbaf0da439c9,初期沟通,2025-10-02T03:14:20Z
8b03097c0de68b7a0226f32de6e7e2e3,初期沟通,2025-10-02T03:14:20Z
1076a65e4e6518d07f5c661504283458,初期沟通,2025-10-02T03:14:20Z
73d8112bb60c165bd48684b8b1ca2818,初期沟通,2025-10-02T03:14:20Z
d404fe0afeea821aeb4a1761421280e4,初期沟通,2025-10-02T03:14:20Z
2e7b47c31366d57e1ef3e697fb1676af,初期沟通,2025-10-02T03:14:20Z
52cd6612ebe5ab03787bb4d79a40d00b,初期沟通,2025-10-02T03:14:20Z
150d1666917f5c73fe4e2e726ed50e6e,初期沟通,2025-10-02T03:14:20Z
f52673463983da2a947e822292db2acc,初期沟通,2025-10-02T03:14:20Z
901f0e5932500f0f5df056156b83633c,初期沟通,2025-10-02T03:14:20Z
e4eb82910ede1b4738bdf2637b655b53,初期沟通,2025-10-02T03:14:20Z
22a8d66d5de5643fa242bb5e6ed82644,初期沟通,2025-10-02T03:14:20Z
0a402f7ad42324bf2324b097d8cb6999,初期沟通,2025-10-02T03:14:20Z
78b5e38c90a2675ebd620a208de50f35,初期沟通,2025-10-02T03:14:20Z
0fae9ad2b28886fb9ed175b63903d5b7,初期沟通,2025-10-02T03:14:20Z
953ff7cac3ab3d4a25273e70bd010056,初期沟通,2025-10-02T03:14:20Z
510fa1ecd3993d6db59d26c080950c64,初期沟通,2025-10-02T03:14:20Z
bb77727a31290304a4c6c3daf69c490b,初期沟通,2025-10-02T03:14:20Z
6ad73ad7b50172443003364b61dce6a1,初期沟通,2025-10-02T03:14:20Z
f5c3322682b4a268543f97411d7e418d,初期沟通,2025-10-02T03:14:20Z
2c2c247360b31482d745c2fdbb753c4a,初期沟通,2025-10-02T03:14:20Z
17ab79a95ee4c52fab9cb12748a69058,初期沟通,2025-10-02T03:14:20Z
9bed6af132046e309ce3395bb0bec5e7,初期沟通,2025-10-02T03:14:20Z
72cc26f7a390601370a7052c85732dab,初期沟通,2025-10-02T03:14:20Z
a9016876254141cad4349026687b7693,初期沟通,2025-10-02T03:14:20Z
fcdb56b812fe396551187deab131d37d,初期沟通,2025-10-02T03:14:20Z
943f32a14ec4c607d57a3d0f85327e38,初期沟通,2025-10-02T03:14:20Z
59cf5a54a1eeec2674c4a80fdda85378,初期沟通,2025-10-02T03:14:20Z
1d928bfc2c6f2447d5b43e9e806e717f,初期沟通,2025-10-02T03:14:20Z
bcb37400afebd809a1cf441f3b4c4955,初期沟通,2025-10-02T03:14:20Z
c9f085e0491ee7c72b6b594a37086f78,初期沟通,2025-10-02T03:14:20Z
00404c1ab88de500fd970bf1c7ae7179,初期沟通,2025-10-02T03:14:20Z
75a17a55800de734d6ea3f3984823296,初期沟通,2025-10-02T03:14:20Z
c7579a8008b894fe84b60db0d4f3c073,初期沟通,2025-10-02T03:14:20Z
6d8e58325f86e881a51e1c34365a3d3e,初期沟通,2025-10-02T03:14:20Z
0e7e070f4504eafd7ebea908b4fc758e,初期沟通,2025-10-02T03:14:20Z
a395b513b33201d1631725b18b52b462,初期沟通,2025-10-02T03:14:20Z
ea639ee1cfa303be2af0861e9453cb99,初期沟通,2025-10-02T03:14:20Z
1ee10e76484e30d37d78ad4a1d02814c,初期沟通,2025-10-02T03:14:20Z
2295954f8997d03d2e8490cb492808a7,初期沟通,2025-10-02T03:14:20Z
ef8b353f81d88f309aaccd95905b42d5,初期沟通,2025-10-02T03:14:20Z
9665c0c3ae9a235e5aa0fad5c01c4714,初期沟通,2025-10-02T03:14:20Z
31eee285afb470eb934478f67b5521ef,初期沟通,2025-10-02T03:14:20Z
288b6979d28dbdbf6328df7734920cbc,初期沟通,2025-10-02T03:14:20Z
cb657f0dcf02a8c6f20812222772829e,初期沟通,2025-10-02T03:14:20Z
c4c572725d9d7e0b38e2511dcd70c842,初期沟通,2025-10-02T03:14:20Z
57b90a3dbe1f800ee2d73b047c8e4763,初期沟通,2025-10-02T03:14:20Z
abe317accec88ba225f89f6d8aa158f3,初期沟通,2025-10-02T03:14:20Z
434ef5eb6a7e16c5dc007e22d07abd47,初期沟通,2025-10-02T03:14:20Z
73674e97153c5d87ceb023709b8db1d3,初期沟通,2025-10-02T03:14:20Z
383908f36302d1c4f7efe9acb64d0a41,初期沟通,2025-10-02T03:14:20Z
d56233d951a75eb7c2a71bde136fbca8,初期沟通,2025-10-02T03:14:20Z
d7ed1e7788e4083dba8652d5d38a29a8,初期沟通,2025-10-02T03:14:20Z
a158512baf496ed13170db5ac0cc4d47,初期沟通,2025-10-02T03:14:20Z
125ac41f86da08425a3aa09803760eb0,初期沟通,2025-10-02T03:14:20Z
b749c71eb895417d817cd5fb5b7c3d4c,初期沟通,2025-10-02T03:14:20Z
2706825d1be41f0177f269d8eb684bec,初期沟通,2025-10-02T03:14:20Z
2ebd1538ad09442cf3e9d1d8ef3f9e98,初期沟通,2025-10-02T03:14:20Z
03c267456244fefbe0c6717098d28f54,初期沟通,2025-10-02T03:14:20Z
f9a11515c5a4d72581e55460db2b09e9,初期沟通,2025-10-02T03:14:20Z
f9656b2c0448ceead44aed045c827ef7,初期沟通,2025-10-02T03:14:20Z
37cc1a4003642c0061a4821315628ccb,初期沟通,2025-10-02T03:14:20Z
dfbe8809bf4e6df71444fc1f12149512,初期沟通,2025-10-02T03:14:20Z
299980259a54f8f790a09334888a7a5d,初期沟通,2025-10-02T03:14:20Z
61b9956d346f0688ece895ca7efb410f,初期沟通,2025-10-02T03:14:20Z
5d03daeeceed431fbc71a8ca651ce1c4,初期沟通,2025-10-02T03:14:20Z
8a4202c74ecc526e7d5b2d5914e39d8e,初期沟通,2025-10-02T03:14:20Z
0d3fec51773c358d470fc68ddbd4c125,初期沟通,2025-10-02T03:14:20Z
4c5bc774263579ddd102509faed879dc,初期沟通,2025-10-02T03:14:20Z
2c8209c165c55c6ac8984aae5bfc4340,初期沟通,2025-10-02T03:14:20Z
4c64d4f095f5ebf28297a11c45a238d7,初期沟通,2025-10-02T03:14:20Z
0e3034497a4a633ad4a835c38d98044d,初期沟通,2025-10-02T03:14:20Z
7c679b567f5ada7eb13f882b0baa7e94,初期沟通,2025-10-02T03:14:20Z
f5c4c80f607ef4a3fd85b84b1816486b,立项选型,2025-10-02T03:14:20Z
f5c4c80f607ef4a3fd85b84b1816486b,初期沟通,2025-10-02T03:14:20Z
1142961ee392969b80542b19ef558074,初期沟通,2025-10-02T03:14:20Z
1f31d3f994c0f6ef3d59ec8f973cb3a0,初期沟通,2025-10-02T03:14:20Z
cc318689a58c163f37ebb37fdf2925cb,初期沟通,2025-10-02T03:14:20Z
11c590cdc15f05378edabec702b179a9,初期沟通,2025-10-02T03:14:20Z
1897ac99b8b2c2fe2f819b2fa29a53ff,初期沟通,2025-10-02T03:14:20Z
6c8c5d9d6038d0d53f6c1f4260bd3a31,初期沟通,2025-10-02T03:14:20Z
8e8d1abf3649584ab4fd478aea59cf7c,初期沟通,2025-10-02T03:14:20Z
14b48b9b7e4d350dc0837c53bbb6003a,询价/投标,2025-10-02T03:14:20Z
14b48b9b7e4d350dc0837c53bbb6003a,初期沟通,2025-10-02T03:14:20Z
9f3248bd00298d21c3d3d8f5df9913d9,初期沟通,2025-10-02T03:14:20Z
d5dcfe656bc4b6ce11caebba75792099,初期沟通,2025-10-02T03:14:20Z
ab8954ea531bc793041f1b87d1052c55,初期沟通,2025-10-02T03:14:20Z
a6bd5d795c6ddd560aefb50e1cf8d73c,初期沟通,2025-10-02T03:14:20Z
197b9c9cd628cdc6e13ad6bc8ed6847e,初期沟通,2025-10-02T03:14:20Z
7d1354170b07067572090b90807c85a8,初期沟通,2025-10-02T03:14:20Z
a993eebc6a06ed3ef91285aca5ac9786,初期沟通,2025-10-02T03:14:20Z
1e01dcda9951a0a134d9eafaa352fd03,初期沟通,2025-10-02T03:14:20Z
6018d0575bd06e31ad43858fd16f7d9d,初期沟通,2025-10-02T03:14:20Z
593e8aafa8c5b68673db5513db41bb66,初期沟通,2025-10-02T03:14:20Z
abc030ebe9a8a5f7982da2773fec4955,初期沟通,2025-10-02T03:14:20Z
de3f54c8992c47db6c37d1ae9c8b0662,初期沟通,2025-10-02T03:14:20Z
cc30aeaaf98a54d16426741f43a9984c,初期沟通,2025-10-02T03:14:20Z
bdda15a861d88adcae0774f6feefaf96,初期沟通,2025-10-02T03:14:20Z
155d5562da83cfae1bb68aaf0075a295,初期沟通,2025-10-02T03:14:20Z
9d0d03d40e303693830c860e1b02949a,初期沟通,2025-10-02T03:14:20Z
354963306dd053d229c96e9e20edb2e1,初期沟通,2025-10-02T03:14:20Z
a5c49b7ebc2be61903107aabf16d2503,初期沟通,2025-10-02T03:14:20Z
548d448304cf476cff891df5033d8ab6,初期沟通,2025-10-02T03:14:20Z
5699045f70ef5ae6f4149b8dee4f0c7b,初期沟通,2025-10-02T03:14:20Z
1746739b46189a3e3d81c78b3f282c0e,初期沟通,2025-10-02T03:14:20Z
e46a9df9d34620581e6590e777a19db9,初期沟通,2025-10-02T03:14:20Z
7e2719578148f025380c4575f6a9d42a,初期沟通,2025-10-02T03:14:20Z
62f7019f70e275de425625214c50ca6b,初期沟通,2025-10-02T03:14:20Z
62f7019f70e275de425625214c50ca6b,合同签约,2025-10-02T03:14:20Z
62f7019f70e275de425625214c50ca6b,询价/投标,2025-10-02T03:14:20Z
8fa2320ecc803b5ec2815fcf289b82a4,初期沟通,2025-10-02T03:14:20Z
8fa2320ecc803b5ec2815fcf289b82a4,立项选型,2025-10-02T03:14:20Z
9521b13d15c1bef9780f7870464d9e1a,初期沟通,2025-10-02T03:14:20Z
84e5a2db4c8cccbdcafe082687b77181,初期沟通,2025-10-02T03:14:20Z
ff26337fe033cf20ae15f7c1632a4d6c,初期沟通,2025-10-02T03:14:20Z
46db66575153a3b123193956c9444eff,初期沟通,2025-10-02T03:14:20Z
d8b093cc2836a129554e733eafc37f71,初期沟通,2025-10-02T03:14:20Z
5fee8ac68f23572200c98663febaf2dc,初期沟通,2025-10-02T03:14:20Z
3d19b34d58f616550265bc34565413d6,初期沟通,2025-10-02T03:14:20Z
3c503aa38cb8dabf7eb7ed325eb05d46,初期沟通,2025-10-02T03:14:20Z
14528f43ca0b3e03bc2b007aa6febe2e,合同签约,2025-10-02T03:14:20Z
14528f43ca0b3e03bc2b007aa6febe2e,初期沟通,2025-10-02T03:14:20Z
3db87e7784b0ec410d8512a72243baaf,初期沟通,2025-10-02T03:14:20Z
0f2b1c7f17bf7666437aa367eccbd1f5,初期沟通,2025-10-02T03:14:20Z
e78339da3a1d4fd36a436965210586e6,初期沟通,2025-10-02T03:14:20Z
bcf353f8c8a900989e0e59e4525ff1ef,初期沟通,2025-10-02T03:14:20Z
06ee802457a6bfbdbbef1afe5daf4010,初期沟通,2025-10-02T03:14:20Z
fa7683d96abbcfe72ad1b7f1e39f7552,初期沟通,2025-10-02T03:14:20Z
a2d4c0a50f0717be23998296d4a192e4,初期沟通,2025-10-02T03:14:20Z
5b55a49aee17fc145ba369aa0bca6b39,初期沟通,2025-10-02T03:14:20Z
7528af8bd3bb6b05fb2ba17768de7bc5,初期沟通,2025-10-02T03:14:20Z
4eda2144c7469757d74a35a26911e678,初期沟通,2025-10-02T03:14:20Z
3490b1305a1ab1580c2aa9217344b515,初期沟通,2025-10-02T03:14:20Z
a0bb9c0344517e924a627568a7afec6a,初期沟通,2025-10-02T03:14:20Z
2884b941bc769dbc5ac7358438a91435,初期沟通,2025-10-02T03:14:20Z
520cc8e8d4df0db6027ca41bdc950e4a,初期沟通,2025-10-02T03:14:20Z
52707bfde61ad844f931fa634908822f,初期沟通,2025-10-02T03:14:20Z
a35cfdd08d15bb8770d7a7a8ee9bc760,初期沟通,2025-10-02T03:14:20Z
9af17be1121bfd4ebc38483b521b3baf,初期沟通,2025-10-02T03:14:20Z
169c5300e63b996fc94d0a5c241132f7,初期沟通,2025-10-02T03:14:20Z
ccf3473f5066df1b560a3b7a41c03115,初期沟通,2025-10-02T03:14:20Z
273928596bd1b11b6add54933c8c6fb6,初期沟通,2025-10-02T03:14:20Z
0c2e7444dd61f43fcf106c4b236a7601,初期沟通,2025-10-02T03:14:20Z
11ee8b2ab170f5781b22d998fbb2ba66,初期沟通,2025-10-02T03:14:20Z
93d5d6b4fff7aa7ea9b19a02d22846e8,初期沟通,2025-10-02T03:14:20Z
822d05cd4b3f146921faab5cf109e95d,初期沟通,2025-10-02T03:14:20Z
28116512307df007999087df897d42b0,初期沟通,2025-10-02T03:14:20Z
53453d3f060c594dc3431b19d5ce60f9,初期沟通,2025-10-02T03:14:20Z
eba59cb837a48e7ba31c62d578552ba7,初期沟通,2025-10-02T03:14:20Z
304b913723a8e75e2ae04c1f98e36d00,初期沟通,2025-10-02T03:14:20Z
ac6dd23d6587fabee58e28569528e35e,初期沟通,2025-10-02T03:14:20Z
18264679d94f2dcf8617899f84802cfe,初期沟通,2025-10-02T03:14:20Z
92b6e42473f010e5b25be1b2d1f180ff,询价/投标,2025-10-02T03:14:20Z
92b6e42473f010e5b25be1b2d1f180ff,初期沟通,2025-10-02T03:14:20Z
cf482a30325077055f8438bf6fb435fc,初期沟通,2025-10-02T03:14:20Z
369718463b1c63921669290738bcad25,初期沟通,2025-10-02T03:14:20Z
35d8055165108fd0edcd1bb2aa49c461,初期沟通,2025-10-02T03:14:20Z
78ffa90da0525f0fc4b009238b23f289,初期沟通,2025-10-02T03:14:20Z
bd493025f176f8e0e8928e51393784c6,初期沟通,2025-10-02T03:14:20Z
0a2a23a23f09c37583730fdfa7f4ecc5,初期沟通,2025-10-02T03:14:20Z
74c4f7283398f6c56678d4124bdc6898,初期沟通,2025-10-02T03:14:20Z
fd0d5888186dc87ccef96abee6ae557e,初期沟通,2025-10-02T03:14:20Z
5dc6b19c60f472c58a4161fa1be74dde,初期沟通,2025-10-02T03:14:20Z
7724a262075054db10c9fe8c9e7af64e,初期沟通,2025-10-02T03:14:20Z
4f8732321947d259db259411d96fe00c,初期沟通,2025-10-02T03:14:20Z
b2b409302a0c6ad0f5ffacdd66e7d8a8,立项选型,2025-10-02T03:14:20Z
ddb9cc4cc37f05d4b6424757610ccbcc,初期沟通,2025-10-02T03:14:20Z
779920959a567e0d804617aaf507a89a,初期沟通,2025-10-02T03:14:20Z
797411fb506b622b22b2ddc62b31e1aa,初期沟通,2025-10-02T03:14:20Z
0433c1f94ae71e81c3f1c8753516850b,初期沟通,2025-10-02T03:14:20Z
a0d5e312c554da645a609eaf8671e742,初期沟通,2025-10-02T03:14:20Z
703dc0c2906745d027779050b8febc09,初期沟通,2025-10-02T03:14:20Z
01d2e4dbadab8ed7755bf33b71ee4053,初期沟通,2025-10-02T03:14:20Z
e216c2d500dda716fe49f896d48fcc87,初期沟通,2025-10-02T03:14:20Z
dc4e8bcff0009b38a9304b82d5c4659b,初期沟通,2025-10-02T03:14:20Z
e376f156449506de88aa3626680e752f,初期沟通,2025-10-02T03:14:20Z
ef4facc4a54559a5f248c0adb2742fa1,初期沟通,2025-10-02T03:14:20Z
b379317b4d3b681e06e579f8c6ba8205,初期沟通,2025-10-02T03:14:20Z
ec4bc309a0f9adac2259953a7e00b958,初期沟通,2025-10-02T03:14:20Z
96336a801ae9649f0de7d246d75d172f,初期沟通,2025-10-02T03:14:20Z
49fb9caa9a131f0529e7b0e03fdd6feb,初期沟通,2025-10-02T03:14:20Z
0198c234b45697b3eabd7dfbd0ce6c2c,初期沟通,2025-10-02T03:14:20Z
88a52a30d885639610ed3e51fc48998a,初期沟通,2025-10-02T03:14:20Z
ae828f5d75273377c12bd47afc7c05bc,初期沟通,2025-10-02T03:14:20Z
338e28905a39178492c60f548b13ec5a,初期沟通,2025-10-02T03:14:20Z
3756061e1af55e37d3b40dab2244b531,初期沟通,2025-10-02T03:14:20Z
aa9caf0463e4c0856fde1f65f736388b,初期沟通,2025-10-02T03:14:20Z
d8a4e717dabb35397cc539655f92c34a,初期沟通,2025-10-02T03:14:20Z
8f7026a73c858f48850de5100b2a7130,初期沟通,2025-10-02T03:14:20Z
6b8bc84e20c867f16f7a838d966878a3,初期沟通,2025-10-02T03:14:20Z
8811642b16b3db8de734ebe7e0e6aaa9,初期沟通,2025-10-02T03:14:20Z
63e34f2c58bcfb1782f682a781cb9587,初期沟通,2025-10-02T03:14:20Z
b99ee2aa16ea29bb56a453b48583f112,初期沟通,2025-10-02T03:14:20Z
7749fea2579066918f1bac514d9c47b8,初期沟通,2025-10-02T03:14:20Z
063348f1ea3b0783b5048d09bdb63951,初期沟通,2025-10-02T03:14:20Z
dabed74fa97af3773d23fd549bd658ba,初期沟通,2025-10-02T03:14:20Z
8395b5b0aac465661825b7f773143438,初期沟通,2025-10-02T03:14:20Z
75695163b17ed868a9535d7ff9b1c9a2,初期沟通,2025-10-02T03:14:20Z
f61be5a36ba91894d20f0b445f581146,初期沟通,2025-10-02T03:14:20Z
ddea64b2ed709dd678bc594d92322016,初期沟通,2025-10-02T03:14:20Z
29bebd5c94c10ab93167d0284094d3e9,初期沟通,2025-10-02T03:14:20Z
761d0223269d132fe7b448ffb369fab7,初期沟通,2025-10-02T03:14:20Z
a05ca988db582c7558a2ee83e6a7eede,初期沟通,2025-10-02T03:14:20Z
4b74a1a423d89e3fb6ffd3ef6c315f0b,初期沟通,2025-10-02T03:14:20Z
261e25ea28679bdbc6deabc97c10cb48,初期沟通,2025-10-02T03:14:20Z
b0a67c853eb9d5927f4a1030b3b143d9,初期沟通,2025-10-02T03:14:20Z
80c9a86ec0d5033e55ca540c8dd30891,初期沟通,2025-10-02T03:14:20Z
92859bf94d17752415b243feef267434,初期沟通,2025-10-02T03:14:20Z
f61f62e4207312c587198be9c49af653,初期沟通,2025-10-02T03:14:20Z
5a0f6ebf62b8a5c0b122e49d2ebce73a,初期沟通,2025-10-02T03:14:20Z
e1a6b5f5bd9935b357f02f60339dcb67,初期沟通,2025-10-02T03:14:20Z
3b17b2388e1ae93f3993b73b48205319,初期沟通,2025-10-02T03:14:20Z
60f32c669344b707fe423032315e77fe,初期沟通,2025-10-02T03:14:20Z
0ca8f56a66ec7105acd78a0e8aa24492,初期沟通,2025-10-02T03:14:20Z
30e2d192ae3cf7d3895ff06cfe9fd004,初期沟通,2025-10-02T03:14:20Z
21b098425b9e95becbcce0915b713077,初期沟通,2025-10-02T03:14:20Z
755b06b70de60da389a68864b1292a92,初期沟通,2025-10-02T03:14:20Z
cfccf75838c0d2bb4198989e9e18f5c7,初期沟通,2025-10-02T03:14:20Z
dc6bd6e2bd14caec82b637c0760546bb,初期沟通,2025-10-02T03:14:20Z
85c8adce8520e4798d34d8f004eaac95,初期沟通,2025-10-02T03:14:20Z
e576feea27c3532d5325c52db3442efa,初期沟通,2025-10-02T03:14:20Z
043265bf169b038920af57fe62deb1a5,初期沟通,2025-10-02T03:14:20Z
18920b144cf66c8d3a9b77728e37ea5f,初期沟通,2025-10-02T03:14:20Z
69c12a971d3757b811a42841c8324e01,初期沟通,2025-10-02T03:14:20Z
e96c2017b38d8bb8b483335c1506865f,初期沟通,2025-10-02T03:14:20Z
09f94a6155b21f9c70a7cbc0da47cd6c,初期沟通,2025-10-02T03:14:20Z
9ba53823c8f1de6ce329dba3befb6d99,合同签约,2025-10-02T03:14:20Z
9ba53823c8f1de6ce329dba3befb6d99,初期沟通,2025-10-02T03:14:20Z
f3293e0e91c1b9ae3f21f9bf3e1fa0cc,初期沟通,2025-10-02T03:14:20Z
ec07a452a87e3a0a6e6d55a85b4cd93e,初期沟通,2025-10-02T03:14:20Z
7448432e2350c352c2e234b4cb4a938c,初期沟通,2025-10-02T03:14:20Z
84a29647b21164128f969161b679ed5c,初期沟通,2025-10-02T03:14:20Z
d1568955fa52dc514476b548ad71962a,初期沟通,2025-10-02T03:14:20Z
6f0743d339d775ddfc883eccdc3d7630,初期沟通,2025-10-02T03:14:20Z
35600236b1929322a7ec0082cf23274a,初期沟通,2025-10-02T03:14:20Z
0e55fe17505f6dfb225dc88dbf7e719c,初期沟通,2025-10-02T03:14:20Z
8c65608a9e4579d002b244eeccbf331e,初期沟通,2025-10-02T03:14:20Z
883150149cae5dbfee6bf46f10a167f8,初期沟通,2025-10-02T03:14:20Z
1b65db7d22664305746cbdf72c4fa899,立项选型,2025-10-02T03:14:20Z
7db574a0979ffa150ef34ad329bce362,初期沟通,2025-10-02T03:14:20Z
92129392cc44a90935bc76460a6780fb,初期沟通,2025-10-02T03:14:20Z
d24614f5064536f95f308f3658c72222,初期沟通,2025-10-02T03:14:20Z
b097181e75298e75feb0116d1fe9c69e,初期沟通,2025-10-02T03:14:20Z
55ef24ce281677746c328982b736feea,初期沟通,2025-10-02T03:14:20Z
204b9b8439ffd0cefce98bb686356655,初期沟通,2025-10-02T03:14:20Z
84c3d47a2d364bf0769308865fd7cdf6,初期沟通,2025-10-02T03:14:20Z
a6edd14745b8c317834b757f61aecb7b,初期沟通,2025-10-02T03:14:20Z
c19cca0ba90aee90024410de70e2f91a,初期沟通,2025-10-02T03:14:20Z
d1d072f36de2a434b5afc6e8dde82276,初期沟通,2025-10-02T03:14:20Z
9849de17a86f260f070175269c64188d,初期沟通,2025-10-02T03:14:20Z
4dce3d9d2e65fdaeb023aab2f679c86f,初期沟通,2025-10-02T03:14:20Z
b96e001aed1f2b67a87a9077ffe6f469,初期沟通,2025-10-02T03:14:20Z
bff8e3b86ac0f8a4d17f8feedde95e85,初期沟通,2025-10-02T03:14:20Z
863cbad24fae97cd1a654d22da5c6369,初期沟通,2025-10-02T03:14:20Z
033a8c474af71dbddcd36db72c830b11,初期沟通,2025-10-02T03:14:20Z
cfe7c3dba1eaee2c0c8ea926d8216f00,初期沟通,2025-10-02T03:14:20Z
0175238d75c57427b00c724e8fb3835f,初期沟通,2025-10-02T03:14:20Z
090a78f3c836b229904f34434d322022,初期沟通,2025-10-02T03:14:20Z
2b3d25cf0cad420a57e91818fdaf4adb,初期沟通,2025-10-02T03:14:20Z
2a402874e4dc1dd0346a59d7f2ce8883,初期沟通,2025-10-02T03:14:20Z
b570670bb7b682027ab707c3f55893a4,初期沟通,2025-10-02T03:14:20Z
5a4d3db0e3100e7f67bc8d115c84c3ec,立项选型,2025-10-02T03:14:20Z
e7344b6bbd5f9e0d26b6a01a0c39cc5b,初期沟通,2025-10-02T03:14:20Z
6fa5036fcb2fc46a23e90adc17e65325,初期沟通,2025-10-02T03:14:20Z
c40564ea6310629bce4cb5e36794def4,初期沟通,2025-10-02T03:14:20Z
3b8eb33358fd39f14794f04cf0b59680,初期沟通,2025-10-02T03:14:20Z
9187a169a27e749a49b714edd509b545,初期沟通,2025-10-02T03:14:20Z
2d955877f8d6a04bf2ed0036fa47fb59,初期沟通,2025-10-02T03:14:20Z
e881ac184199346c6d79b0d23bd6354f,初期沟通,2025-10-02T03:14:20Z
e58c27b8bb42e3df1ecdd8853a53d06f,初期沟通,2025-10-02T03:14:20Z
a08f66f176f2495ea8a58d9a9ba55efe,初期沟通,2025-10-02T03:14:20Z
2be852e0572710f4eab792002885ebaf,初期沟通,2025-10-02T03:14:20Z
4f1934607ab1d2221fe3a767a388756a,初期沟通,2025-10-02T03:14:20Z
d06c3dfef2b33de6a336d2de547e3127,初期沟通,2025-10-02T03:14:20Z
b5134962a01555bd40e155e41f676780,初期沟通,2025-10-02T03:14:20Z
a674a0e3df7c0a1547119c8bcd66e9a6,初期沟通,2025-10-02T03:14:20Z
ed9459456f8f9c9e26648f3784512512,初期沟通,2025-10-02T03:14:20Z
278bfa00e29d70a06f59b95b7ca7f62c,初期沟通,2025-10-02T03:14:20Z
572f283cd0b3d1e29bb9e60bc0604193,初期沟通,2025-10-02T03:14:20Z
65ec4ca9d88b5126bc03d9854b25ce8e,初期沟通,2025-10-02T03:14:20Z
590b4a890f782d032bb966b88e53c4b2,初期沟通,2025-10-02T03:14:20Z
590b4a890f782d032bb966b88e53c4b2,立项选型,2025-10-02T03:14:20Z
776577619f9ed067a4186ecf83e2e44c,初期沟通,2025-10-02T03:14:20Z
8a3ddf4c7d29f4bef7a1bab0be8ad87e,初期沟通,2025-10-02T03:14:20Z
4ffa1b04fb803f8e08c9a32b175241b7,初期沟通,2025-10-02T03:14:20Z
406a3b24acef53db8dc3c160228fab39,初期沟通,2025-10-02T03:14:20Z
6e4d768cf698d3020368bbb78ea89dae,初期沟通,2025-10-02T03:14:20Z
ec61cdad7d1f48dca81ab343186a5093,初期沟通,2025-10-02T03:14:20Z
3ae5dbc850582dbce73de4638acd9f7c,合同签约,2025-10-02T03:14:20Z
3ae5dbc850582dbce73de4638acd9f7c,初期沟通,2025-10-02T03:14:20Z
3ae5dbc850582dbce73de4638acd9f7c,询价/投标,2025-10-02T03:14:20Z
9de2ca47590a5ed7cc7ff73b5e75a012,初期沟通,2025-10-02T03:14:20Z
9dc48076cc60ca8f5fa3efc98009ffbf,初期沟通,2025-10-02T03:14:20Z
401aea8b14f2ab0c0906b94464803779,初期沟通,2025-10-02T03:14:20Z
401aea8b14f2ab0c0906b94464803779,询价/投标,2025-10-02T03:14:20Z
401aea8b14f2ab0c0906b94464803779,立项选型,2025-10-02T03:14:20Z
86f42badc8a2c713345f16c9d573efb5,初期沟通,2025-10-02T03:14:20Z
30c0a745766fc9eff3916a931e6c99c8,初期沟通,2025-10-02T03:14:20Z
b06ae1b9e57e67faabc9c19029591669,初期沟通,2025-10-02T03:14:20Z
b2f3bb6962a80aabcca60667847da977,初期沟通,2025-10-02T03:14:20Z
a983b3d00a0a47352080946ffd6b5b05,初期沟通,2025-10-02T03:14:20Z
9fc9073a642b859d4ff20253f9ec2af5,初期沟通,2025-10-02T03:14:20Z
4840cb62924f01efd97a429001e9b977,初期沟通,2025-10-02T03:14:20Z
68d30beef3c948520c2d2188ad97ea39,初期沟通,2025-10-02T03:14:20Z
991f4b5d63d42624be38f1a4be118833,初期沟通,2025-10-02T03:14:20Z
97971fabb2caf66a89090f09cd97507f,初期沟通,2025-10-02T03:14:20Z
bc75a0afd4630cfbbb8a3008109fa2c1,初期沟通,2025-10-02T03:14:20Z
d628199a7b1cc1cab85bf7f6fa3d0cb1,初期沟通,2025-10-02T03:14:20Z
57b448a2791ac077bcab4e3d3b05bbb4,初期沟通,2025-10-02T03:14:20Z
644a3cb35ced7fd0d7a6388fd91b6457,初期沟通,2025-10-02T03:14:20Z
9d3954e350e099ccf76fe4a3eb463bc5,初期沟通,2025-10-02T03:14:20Z
0b20b3a3cbe78ffc8f049cad2fe80924,初期沟通,2025-10-02T03:14:20Z
df3630d1dc277b791e460b4ef6a60c85,初期沟通,2025-10-02T03:14:20Z
059ebad655f3c1a4717ff7ee05dbed24,初期沟通,2025-10-02T03:14:20Z
6010ccb78d94ab9b25c591259cbe067d,初期沟通,2025-10-02T03:14:20Z
319dfdbe13d290ee994b83db0b635322,初期沟通,2025-10-02T03:14:20Z
701d0ee7ea275ce6bdcde0d3dd4348c3,初期沟通,2025-10-02T03:14:20Z
1680b406ab173469d6413f9c5cfe177f,初期沟通,2025-10-02T03:14:20Z
5cfb5b0e8e1d2bce37cfbcd6086a9a89,初期沟通,2025-10-02T03:14:20Z
11d65cfc1a721efbb55b71691a61d210,初期沟通,2025-10-02T03:14:20Z
80f401cb02b1fc74d87eeef10ca21279,初期沟通,2025-10-02T03:14:20Z
cdb3c43d7e5fe50dc42d70ff1de71bb3,初期沟通,2025-10-02T03:14:20Z
feacf50bdb22fd286256081d6b22e544,初期沟通,2025-10-02T03:14:20Z
b552c3247fdf9b0657556d43ed62a385,初期沟通,2025-10-02T03:14:20Z
b23b1d9cda3227c697e2c08ee15f6599,初期沟通,2025-10-02T03:14:20Z
1dcc3e2ff60a6f4f6c2709404916c1a9,询价/投标,2025-10-02T03:14:20Z
1dcc3e2ff60a6f4f6c2709404916c1a9,初期沟通,2025-10-02T03:14:20Z
6c4184e23669b15acc764729e8f2ea73,立项选型,2025-10-02T03:14:20Z
6c4184e23669b15acc764729e8f2ea73,初期沟通,2025-10-02T03:14:20Z
cda11e8d0f2a7134057f3d3228e37d4e,初期沟通,2025-10-02T03:14:20Z
6d08d090949cbc35f0c36ae095c9647b,初期沟通,2025-10-02T03:14:20Z
0b4f9b28ebca4f61cf6b883b45a6dd10,初期沟通,2025-10-02T03:14:20Z
de769c61f338b7f7191f917491ef7055,初期沟通,2025-10-02T03:14:20Z
77f6aad9e876fd60c9384b433457f785,初期沟通,2025-10-02T03:14:20Z
a5cb084650f1e41707dc72f52b50f899,初期沟通,2025-10-02T03:14:20Z
668e795069bdff7e9a3d26cb4e0c2086,初期沟通,2025-10-02T03:14:20Z
668e795069bdff7e9a3d26cb4e0c2086,立项选型,2025-10-02T03:14:20Z
0ba46a07eeed3349a687afef9629d364,初期沟通,2025-10-02T03:14:20Z
6bb39368000e70576f7579d419b6bbd7,初期沟通,2025-10-02T03:14:20Z
9a37a199c5ef6b95cc24c0d0fc0161f4,初期沟通,2025-10-02T03:14:20Z
8962ca3d02be4f9d8d961f1a072c4b19,方案制定,2025-10-02T03:14:20Z
71e5bae0a2d1850245fc47d08ecf88bb,初期沟通,2025-10-02T03:14:20Z
3c2090cf8c62e25a1ab71628efa64d28,初期沟通,2025-10-02T03:14:20Z
a07d8a0736a31f0d286e315c648d2db0,初期沟通,2025-10-02T03:14:20Z
fe05be59fa3ba87fabd0692ed2e85600,初期沟通,2025-10-02T03:14:20Z
872dce8a16d9e74ce6f163a0d40c881c,初期沟通,2025-10-02T03:14:20Z
4b03e27b862b30c5089370f7076e6921,初期沟通,2025-10-02T03:14:20Z
a137155532372e5066169cb8ccc19aa6,初期沟通,2025-10-02T03:14:20Z
bb833d0f9b9d02b31d9522f6d1bee543,初期沟通,2025-10-02T03:14:20Z
c5fa81615c5c39aeae366056febc4f58,初期沟通,2025-10-02T03:14:20Z
8728e6c708759b3e69f7cd113cb55d6d,初期沟通,2025-10-02T03:14:20Z
877998649ed062804feb9621bdfd4e48,初期沟通,2025-10-02T03:14:20Z
07a892180d8aed86b52190aff83b64fe,初期沟通,2025-10-02T03:14:20Z
c6b44d7fd066cb6e11d685c43084a8a2,初期沟通,2025-10-02T03:14:20Z
ee0046beefaab2e8d43f0fbcd4a77097,初期沟通,2025-10-02T03:14:20Z
c19bdc71230654e100bce860cf90116c,初期沟通,2025-10-02T03:14:20Z
d0754359bddadca11f7e622956ff4807,初期沟通,2025-10-02T03:14:20Z
05351f19a2eb12b07615117a88ee1b4f,初期沟通,2025-10-02T03:14:20Z
05351f19a2eb12b07615117a88ee1b4f,合同签约,2025-10-02T03:14:20Z
0d282da46bb44566e394c91be73219da,初期沟通,2025-10-02T03:14:20Z
7de4f6d69ab56d9a6ead4d0563315720,初期沟通,2025-10-02T03:14:20Z
7de4f6d69ab56d9a6ead4d0563315720,合同签约,2025-10-02T03:14:20Z
9e347149cbddde8cfd382db7fe4addcc,初期沟通,2025-10-02T03:14:20Z
0241853a18a9407941948199ac0e348e,初期沟通,2025-10-02T03:14:20Z
afbbcf90fc86b7a2567338a35848a87a,初期沟通,2025-10-02T03:14:20Z
ce03029eb921eac2d6491619eeb98ac7,初期沟通,2025-10-02T03:14:20Z
67c91ca8143521193ede2f922674b4f0,初期沟通,2025-10-02T03:14:20Z
a94c3918fe0489bd346930ae9e536a9e,初期沟通,2025-10-02T03:14:20Z
77e316ae7fd1af8b17280867b377aa5b,初期沟通,2025-10-02T03:14:20Z
c9173e6bb6da9ea7ba1085d66ebc9747,初期沟通,2025-10-02T03:14:20Z
146a29eddb3a9fd2eb952d4ee2e0330f,初期沟通,2025-10-02T03:14:20Z
6c21d482dc1d56cbde81342350f4acea,初期沟通,2025-10-02T03:14:20Z
c6b24c0247b5c020ef96ff74a848aa51,初期沟通,2025-10-02T03:14:20Z
539f007a01cbab41d9f36f3aed10af55,初期沟通,2025-10-02T03:14:20Z
77c9d259e9ae6964a87e86ac7743decb,初期沟通,2025-10-02T03:14:20Z
a39b8cad29ae9466f0acaae5b3037cd6,初期沟通,2025-10-02T03:14:20Z
30827e1536ac271d427d7553686a19e3,初期沟通,2025-10-02T03:14:20Z
8ddafe92574e8c2c783133b3cc6b86c2,初期沟通,2025-10-02T03:14:20Z
467a3e8c489533947ad9e675cc6266ad,初期沟通,2025-10-02T03:14:20Z
7f8e661343785ec6fe0a5ca1345eb3bd,询价/投标,2025-10-02T03:14:20Z
7f8e661343785ec6fe0a5ca1345eb3bd,初期沟通,2025-10-02T03:14:20Z
e795b921919d586ab581fce0c96357b5,初期沟通,2025-10-02T03:14:20Z
2107826dcae6887be6ef9fa500cc895d,初期沟通,2025-10-02T03:14:20Z
7974da0d02f7b17cdc6a8a42ef5d62e6,初期沟通,2025-10-02T03:14:20Z
15e467bf205562378509318693e6997e,初期沟通,2025-10-02T03:14:20Z
42c9786eba9461807b97a187c6ec5350,初期沟通,2025-10-02T03:14:20Z
10a8eb75b8bca8f36c0176cf4e50032f,初期沟通,2025-10-02T03:14:20Z
3e43304b2850ac2c29059c64b796988a,初期沟通,2025-10-02T03:14:20Z
1d4d193b5a378eb952e5f221bb9301f1,初期沟通,2025-10-02T03:14:20Z
36def05a63a6238d0ee0425cced08776,初期沟通,2025-10-02T03:14:20Z
390a1225e379b3c299c94ad551d5170c,初期沟通,2025-10-02T03:14:20Z
c4a29fcb49b0d6b79490cffb2d066e85,初期沟通,2025-10-02T03:14:20Z
963e90d5908899c0a4c784f4e8dcce1f,询价/投标,2025-10-02T03:14:20Z
963e90d5908899c0a4c784f4e8dcce1f,初期沟通,2025-10-02T03:14:20Z
ea537b0ae82cbd9411d075f051e72247,初期沟通,2025-10-02T03:14:20Z
95af2e0f5b977a94458e2cd96a080d42,初期沟通,2025-10-02T03:14:20Z
d57c95dd4a51a6d6523b8757008627b7,初期沟通,2025-10-02T03:14:20Z
7980d079aa3dcd1351e88f600cc4bb9b,初期沟通,2025-10-02T03:14:20Z
f5828029ef30de5fca261acaafc598f6,初期沟通,2025-10-02T03:14:20Z
6e1d9022fb8254e3c4975bbde102d259,初期沟通,2025-10-02T03:14:20Z
c903fc40ddf55ce95b551945eae33bdb,初期沟通,2025-10-02T03:14:20Z
4c99c1f88139e6d069423c92783a4f23,初期沟通,2025-10-02T03:14:20Z
6875725de72e86487d3cefc820d54f4a,初期沟通,2025-10-02T03:14:20Z
17b71cafccc5dd3487e5e98d93fa4712,初期沟通,2025-10-02T03:14:20Z
2cd759781e688fe4985c0751eed37ca6,初期沟通,2025-10-02T03:14:20Z
e18ecd295c452f72591fd104878647d6,初期沟通,2025-10-02T03:14:20Z
0a29899237df1d68bec65f23b59ed70d,初期沟通,2025-10-02T03:14:20Z
ec4c8cd7cbb5483090d6eb600766daaa,初期沟通,2025-10-02T03:14:20Z
c586548014ae32bd4cc22f11142bb6ea,初期沟通,2025-10-02T03:14:20Z
3edc4321f9a85b5e63de68b634d95a80,初期沟通,2025-10-02T03:14:20Z
fad5b0bc87a52fd718c6457e46eaf5f4,初期沟通,2025-10-02T03:14:20Z
5ee77ce87a87b6dad95acf256684d17e,初期沟通,2025-10-02T03:14:20Z
a4c8aa75042f29b18c5de77897ebda17,初期沟通,2025-10-02T03:14:20Z
e4d71d3e2ad8e6fdd271ed8802abfb7e,初期沟通,2025-10-02T03:14:20Z
e6e912af84fb0d34b27765a6870441ea,初期沟通,2025-10-02T03:14:20Z
452716813523107acc9688e26c794c7a,初期沟通,2025-10-02T03:14:20Z
6db84906930f31e2fa3daaab82269e1d,初期沟通,2025-10-02T03:14:20Z
9262fdf308639c7d44a7f3d23aa9d09d,初期沟通,2025-10-02T03:14:20Z
4860ca4f6def31bb69063d93292b817f,询价/投标,2025-10-02T03:14:20Z
4860ca4f6def31bb69063d93292b817f,初期沟通,2025-10-02T03:14:20Z
0abf8f3c59a7cd11fec19323531c2858,初期沟通,2025-10-02T03:14:20Z
4ca9c30f1827535f33dec9bef7ef489c,初期沟通,2025-10-02T03:14:20Z
c5547f95857d15948dfbf80eb2c1e81e,初期沟通,2025-10-02T03:14:20Z
40ad48865f8911cb1b034b9c80271c68,初期沟通,2025-10-02T03:14:20Z
40ad48865f8911cb1b034b9c80271c68,方案制定,2025-10-02T03:14:20Z
0946e44e4d7db4f9810308aa1d0e98ea,初期沟通,2025-10-02T03:14:20Z
cbb56fd68b5fa5c1d218771cd38088f3,初期沟通,2025-10-02T03:14:20Z
a6568565be3842ca8bcc6641abf8bd93,初期沟通,2025-10-02T03:14:20Z
79bac1720812ca18cf9241157f1b6bee,合同签约,2025-10-02T03:14:20Z
79bac1720812ca18cf9241157f1b6bee,询价/投标,2025-10-02T03:14:20Z
79bac1720812ca18cf9241157f1b6bee,初期沟通,2025-10-02T03:14:20Z
b48abddc88740d6bcbabeb5cd9f6be2c,初期沟通,2025-10-02T03:14:20Z
edf1086790f14439b7c9f38f00a0bc74,初期沟通,2025-10-02T03:14:20Z
f386fcbc0f5f040eff6ad836d6418de0,初期沟通,2025-10-02T03:14:20Z
2f5c7dc8885062787ff275ff847a74e9,初期沟通,2025-10-02T03:14:20Z
61acc04ec3e68bc9ae16862cc0e72e9d,初期沟通,2025-10-02T03:14:20Z
15d652570c081e262122c50129fd669c,初期沟通,2025-10-02T03:14:20Z
df06f8590c72fd41c29d774cabbf597e,初期沟通,2025-10-02T03:14:20Z
2cbe8834d41f2362c08206fe2d029fcd,初期沟通,2025-10-02T03:14:20Z
6d2e7227aaabf9f0699279c994f30815,初期沟通,2025-10-02T03:14:20Z
c289c0ca7167576805b51a71ac2198c5,初期沟通,2025-10-02T03:14:20Z
baae7aa4da9b805c480976f9611e656d,初期沟通,2025-10-02T03:14:20Z
2378228d39865c5d187ba013815163fd,初期沟通,2025-10-02T03:14:20Z
9214226a001c67b1840f2de870ef8302,初期沟通,2025-10-02T03:14:20Z
8e84502301a306933c2c9a93fd31d15e,初期沟通,2025-10-02T03:14:20Z
3599dc9deb5a1ab96afda8e91b69173d,初期沟通,2025-10-02T03:14:20Z
e7cfc26740ca8f4650e48d2ee961f44b,初期沟通,2025-10-02T03:14:20Z
656275e5295c9167ddeae5fdc50f831f,初期沟通,2025-10-02T03:14:20Z
ae38bda88da48a2a6205d2c4f2074aad,初期沟通,2025-10-02T03:14:20Z
e966949400875765cf26cfb3eadab3d9,初期沟通,2025-10-02T03:14:20Z
41eb6241ca5fd1afb2d458ebb50f5053,立项选型,2025-10-02T03:14:20Z
8762641e6fa5a5882172591300ee769d,初期沟通,2025-10-02T03:14:20Z
cd5c4babe8fac5883fd7da8b1a37715c,立项选型,2025-10-02T03:14:20Z
cd5c4babe8fac5883fd7da8b1a37715c,初期沟通,2025-10-02T03:14:20Z
ae45d771554e1af5b777ce4953863c00,初期沟通,2025-10-02T03:14:20Z
fc11f0f5b29c0a0bc67f28d0816609f3,初期沟通,2025-10-02T03:14:20Z
c139dc508c4c2a3006512c119f8598ce,初期沟通,2025-10-02T03:14:20Z
d30f3d233feb58170fa5d0794b900ed8,初期沟通,2025-10-02T03:14:20Z
d0f8f998d0b7c748092ac2104bf75350,初期沟通,2025-10-02T03:14:20Z
0bfa36a3161ecf6286100d5d6f6c1d8e,初期沟通,2025-10-02T03:14:20Z
c4a4d41abaee5e22f67555a09b0d4518,初期沟通,2025-10-02T03:14:20Z
973d54fd2c517c3bf81c6b419ffaafb6,初期沟通,2025-10-02T03:14:20Z
ad4d0e980c1f6c6d0868243fdc0203de,初期沟通,2025-10-02T03:14:20Z
a0ec4123d58878ff4c48ae86a8d9914c,初期沟通,2025-10-02T03:14:20Z
08822d650fd018fd43e2b7f8fe5a6681,初期沟通,2025-10-02T03:14:20Z
f078ff36e0dff1d8fc8274457a7ce2ac,初期沟通,2025-10-02T03:14:20Z
2515ee3fb95bec6ed9c445da09ee8bae,初期沟通,2025-10-02T03:14:20Z
e3b57a51359477a29899b79e208a49d7,初期沟通,2025-10-02T03:14:20Z
0b58ace499f062d2b346bcd8742e6224,初期沟通,2025-10-02T03:14:20Z
df4dad272c18d0d4d2d97e8efa48264d,初期沟通,2025-10-02T03:14:20Z
36b59eb7b20216c3ebfd3ca26f976d23,初期沟通,2025-10-02T03:14:20Z
ca4ad1d3a266b1d7bfa945cc4fe40042,初期沟通,2025-10-02T03:14:20Z
444b6957be4cdd0e1a42860275bd415c,初期沟通,2025-10-02T03:14:20Z
c081dcc9ff14ee62470cc8f516a56be5,初期沟通,2025-10-02T03:14:20Z
d2be98f371a4082bfc0f0f8bc32beb14,初期沟通,2025-10-02T03:14:20Z
b804d29177fa352e5390bacd9cab777d,初期沟通,2025-10-02T03:14:20Z
24f0cce52836234f91b22fb933d88fe2,方案制定,2025-10-02T03:14:20Z
6c3461db86397b110fd9947073a4f35f,合同签约,2025-10-02T03:14:20Z
7253a06c7be66d1c7ce082b6b781d5d5,初期沟通,2025-10-02T03:14:20Z
d532f33da9002d0bd2ddf8f70bea4d72,初期沟通,2025-10-02T03:14:20Z
bee619548cf49bee0762ede1f0377492,初期沟通,2025-10-02T03:14:20Z
228c0cea17cdbfb404ae571aab742f28,初期沟通,2025-10-02T03:14:20Z
417745989cbc3daf17bb726429c2eff5,初期沟通,2025-10-02T03:14:20Z
9185b162fb16943b7caeadf2188142c2,初期沟通,2025-10-02T03:14:20Z
353adbb66f898fc2b22b7602a0842397,初期沟通,2025-10-02T03:14:20Z
6c20b6ec1b613928ff113505c209bd33,初期沟通,2025-10-02T03:14:20Z
7f3f987c97e72584464ac0b69de98786,初期沟通,2025-10-02T03:14:20Z
7508413ade859b33d66963c52da5fb2a,初期沟通,2025-10-02T03:14:20Z
374f2ae4e6c37e3282ee11f114ca6cf6,询价/投标,2025-10-02T03:14:20Z
374f2ae4e6c37e3282ee11f114ca6cf6,初期沟通,2025-10-02T03:14:20Z
6c5077a34377742b3032ebe6f26091c4,初期沟通,2025-10-02T03:14:20Z
66d58986b90de9224bb897baee91cda4,初期沟通,2025-10-02T03:14:20Z
505374e500d354982d8a1edf88ab6e78,初期沟通,2025-10-02T03:14:20Z
82cd055d595e1131a7ca02997dd770bd,初期沟通,2025-10-02T03:14:20Z
1212f7a1f9c66a85be7532dd47ded22c,初期沟通,2025-10-02T03:14:20Z
aaf1091f1eeb70e1c01f552c4936adbc,初期沟通,2025-10-02T03:14:20Z
d164ff2f018e2200c83f6bb90a3439cc,初期沟通,2025-10-02T03:14:20Z
498942634cecd2cbbfabf087d60d3e40,初期沟通,2025-10-02T03:14:20Z
653e6f1d4078443990448ea704d275cc,初期沟通,2025-10-02T03:14:20Z
58768e42287112d5a231b77c6316b9cd,初期沟通,2025-10-02T03:14:20Z
37c7f0ea8296fcc20e5aa237f9ad34a5,初期沟通,2025-10-02T03:14:20Z
5d5f856cb76a538bdd1b0f1d37e91acc,初期沟通,2025-10-02T03:14:20Z
5276c82c426e4031d9f1d5cae0ec67e2,初期沟通,2025-10-02T03:14:20Z
2f9c5210fb5c564402a6a73b851bc035,初期沟通,2025-10-02T03:14:20Z
480be12138a8a0713929bbcf192f9889,初期沟通,2025-10-02T03:14:20Z
20febd16dae1fedb07948edb3a836e7a,初期沟通,2025-10-02T03:14:20Z
8ed83e8f88b634f0e3609860eb9853e4,初期沟通,2025-10-02T03:14:20Z
371ac35ad0b5f2a957f6e2fb219783c9,初期沟通,2025-10-02T03:14:20Z
9a02644995a24fb5c77c2db959685571,初期沟通,2025-10-02T03:14:20Z
7fb92edac9a42c265f0d2610844831a8,初期沟通,2025-10-02T03:14:20Z
e14540157e0f7c874f3650af3eb2e669,初期沟通,2025-10-02T03:14:20Z
49463d050726c9d7d20c2f12dbf86707,初期沟通,2025-10-02T03:14:20Z
86ba4dceba7ca075e8530cd2a9d18b12,初期沟通,2025-10-02T03:14:20Z
8917648a6136293d40221a1e857d7770,初期沟通,2025-10-02T03:14:20Z
308cd7009020b23657dcdc2dcf238168,初期沟通,2025-10-02T03:14:20Z
148f4b100232a8d4d4479f7be3decb86,立项选型,2025-10-02T03:14:20Z
0274065e881027dd35c169831fbfa5e0,初期沟通,2025-10-02T03:14:20Z
22153e87caf50f0c217e03261526c606,初期沟通,2025-10-02T03:14:20Z
4ac43e18c4ca9053d3e9b7c64ed901f0,初期沟通,2025-10-02T03:14:20Z
112958f6d19117d5370c724f6a0993fe,初期沟通,2025-10-02T03:14:20Z
c9baf6ad1e2beb59910f2884f4ee109d,初期沟通,2025-10-02T03:14:20Z
cf0c4c82a8120a29ffa02715ac10c4dc,初期沟通,2025-10-02T03:14:20Z
6516fcfff43bff77588b5838d150b983,初期沟通,2025-10-02T03:14:20Z
238e77a9785276ff8a9d4d7001c695ac,初期沟通,2025-10-02T03:14:20Z
fc275e2782762ace1fb6e39dd28d6365,初期沟通,2025-10-02T03:14:20Z
13f9e33cb26af163e8a4599e58500ffc,初期沟通,2025-10-02T03:14:20Z
238a3ea790a7626e3c18f6415a348a88,初期沟通,2025-10-02T03:14:20Z
f0a3ef4bfca78ea201dc6d6d6230e3cb,方案制定,2025-10-02T03:14:20Z
f0a3ef4bfca78ea201dc6d6d6230e3cb,初期沟通,2025-10-02T03:14:20Z
40c575dd572daea8807ace5e81ee6cf0,初期沟通,2025-10-02T03:14:20Z
90aa09896ca81efcf953cb1ea7c3b0fc,初期沟通,2025-10-02T03:14:20Z
400711656a80c35211593f69b0e77571,初期沟通,2025-10-02T03:14:20Z
ca2a5537a37e8bb3a3c84c291883438b,初期沟通,2025-10-02T03:14:20Z
865555f8aaa3baae6cbf07f55a4df1ed,初期沟通,2025-10-02T03:14:20Z
acda8e088945b06b3207c95d90411767,初期沟通,2025-10-02T03:14:20Z
ce4a4dfa911e52d28a7d354163e07693,初期沟通,2025-10-02T03:14:20Z
744e832c6f2794baf8bc663a07ec10a0,初期沟通,2025-10-02T03:14:20Z
31b7993d777b981ff6481f98f3de9879,初期沟通,2025-10-02T03:14:20Z
1a4ba414ce326d292a45f34ae2c638b4,初期沟通,2025-10-02T03:14:20Z
4561e6722a6416f343591ff30b75effd,初期沟通,2025-10-02T03:14:20Z
76c94b41745143196334848f1f98875b,初期沟通,2025-10-02T03:14:20Z
54c76914601f66d9c30478cc48e5142b,初期沟通,2025-10-02T03:14:20Z
65117d4432e10c7a4c0798064b6c3d75,初期沟通,2025-10-02T03:14:20Z
e1619ebc4f1853dac717aa7e0ab7fb24,初期沟通,2025-10-02T03:14:20Z
8f6c4b20750d123f5275a03b85e81fce,初期沟通,2025-10-02T03:14:20Z
dedd51d0d8e9097d7a968856a2a32fc2,初期沟通,2025-10-02T03:14:20Z
65d92d2ae55be1a482bbd3cd7e9e4268,初期沟通,2025-10-02T03:14:20Z
58a44d3b8d32719bedded52f1273964f,初期沟通,2025-10-02T03:14:20Z
4b34ce9a7666924c285556e68185fd20,初期沟通,2025-10-02T03:14:20Z
f9b748d3e899660238813c92c89ea15e,初期沟通,2025-10-02T03:14:20Z
4605ee4652a574ff8b6daa19c4613dc4,初期沟通,2025-10-02T03:14:20Z
668f6cc005684c964a0941d192203f51,初期沟通,2025-10-02T03:14:20Z
f4028e1714830b791f185e52a3b4b4d1,初期沟通,2025-10-02T03:14:20Z
8a8760889869e691e4f52cbecbb40b4a,初期沟通,2025-10-02T03:14:20Z
e808c89d93d0597223bde548dd2e3dea,初期沟通,2025-10-02T03:14:20Z
84506e35bd9f16fd8d66b88741a13824,初期沟通,2025-10-02T03:14:20Z
79a82417a57200af93c8ef541a50500b,初期沟通,2025-10-02T03:14:20Z
a442bd1381d45c8a765b211e97272cce,初期沟通,2025-10-02T03:14:20Z
c2458088056615e43c858e61cb3c1941,初期沟通,2025-10-02T03:14:20Z
de6b183465b0fe31cf97a510a53810ed,初期沟通,2025-10-02T03:14:20Z
07db0a0503d88a0a0b40baa4c816e781,初期沟通,2025-10-02T03:14:20Z
2150061248ef8f2c975df95ad1887fc2,初期沟通,2025-10-02T03:14:20Z
a5d683323c3a07823812164e615a4640,初期沟通,2025-10-02T03:14:20Z
38660bafd1098f6cd24e0f94c775a9b1,初期沟通,2025-10-02T03:14:20Z
0bf47cd3ad8726e4b29b47203b29bcb1,初期沟通,2025-10-02T03:14:20Z
1cca5c43a64b3b6f2b7c86711253d9c6,初期沟通,2025-10-02T03:14:20Z
f4c75c028bb38360c4aa6713822c6937,初期沟通,2025-10-02T03:14:20Z
d65c6d6663b873a9be61df01a5e46586,初期沟通,2025-10-02T03:14:20Z
ae196c513b6a79aac181a8a1c67a925b,初期沟通,2025-10-02T03:14:20Z
71a1d9c5cff10bb401b1e0c5041f15bb,初期沟通,2025-10-02T03:14:20Z
490357245028e1af0aef9d4b4f962ae0,合同签约,2025-10-02T03:14:20Z
967799b08f3ebcc9455148ab5d8abcf2,初期沟通,2025-10-02T03:14:20Z
ef85b6b8f21a895c842dda0093b16885,初期沟通,2025-10-02T03:14:20Z
591dd17e5cb858f5474322cd376ea8b8,初期沟通,2025-10-02T03:14:20Z
1ecf8718c8b812fbd3137286f43550b6,初期沟通,2025-10-02T03:14:20Z
0e7b2439ee424780dedc7cce3169bfef,初期沟通,2025-10-02T03:14:20Z
4fb57add904f78471e614adcdb5cd691,初期沟通,2025-10-02T03:14:20Z
0ad5e13b4d43f6dd6f458a63a12fb2b9,初期沟通,2025-10-02T03:14:20Z
43241cffc3768cbc721f209df1845a0c,初期沟通,2025-10-02T03:14:20Z
fe974bdd17cd717e0d8e48e1a2425c7a,初期沟通,2025-10-02T03:14:20Z
98587e5895d16f1b20791c9473a548f7,初期沟通,2025-10-02T03:14:20Z
814ba62e7e072ee3257a2a83df6d371d,初期沟通,2025-10-02T03:14:20Z
4a67e71862599e3b6c57103610172ff8,初期沟通,2025-10-02T03:14:20Z
94a8d0a230a2f638912b3cfd0c3bc8c4,初期沟通,2025-10-02T03:14:20Z
cf55d1783c12c5f548228a8b5cda480d,初期沟通,2025-10-02T03:14:20Z
0c77fa0b8ec5b664ab53bfd64af0ec2c,初期沟通,2025-10-02T03:14:20Z
802c3109e46ba542ff664a2c8d16a209,合同签约,2025-10-02T03:14:20Z
802c3109e46ba542ff664a2c8d16a209,初期沟通,2025-10-02T03:14:20Z
3001362315e6985cde1dcc9db44cfed7,初期沟通,2025-10-02T03:14:20Z
921bbb14dc59e4ade9d7122c72b3e132,初期沟通,2025-10-02T03:14:20Z
22718cd82c3e35f7bbda8c3253061a11,初期沟通,2025-10-02T03:14:20Z
d488d1c1423b58581e914444da263274,初期沟通,2025-10-02T03:14:20Z
b57cad1e20c9c140529713f46c6d1a09,初期沟通,2025-10-02T03:14:20Z
1a8b0765d402399e77ed4d427253d930,初期沟通,2025-10-02T03:14:20Z
386872a7dcfd52e87d60bf31594ccc09,初期沟通,2025-10-02T03:14:20Z
673b830e0da6078f8fcf5ab4835c1559,初期沟通,2025-10-02T03:14:20Z
147f03d1f5978a874aa684aa61e1a48b,初期沟通,2025-10-02T03:14:20Z
694e917d2697cf4e71b9cf4a6cc1ff08,初期沟通,2025-10-02T03:14:20Z
2a38b62a8c53105dc4008b3f523f8e2e,方案制定,2025-10-02T03:14:20Z
c72f51a5beea3d3c29ea9654816db10a,初期沟通,2025-10-02T03:14:20Z
d63e53e92d5c36b592b316a1bcb03ab1,初期沟通,2025-10-02T03:14:20Z
fa77e86d76d7806d4718b43341c098d6,初期沟通,2025-10-02T03:14:20Z
70390aa74088d35aeaccdee56aee2cae,初期沟通,2025-10-02T03:14:20Z
286037fcab14e65c7e732c7549e8330c,初期沟通,2025-10-02T03:14:20Z
019418eac4be52f4bfb9fee59dd0d294,初期沟通,2025-10-02T03:14:20Z
fee9d7e1824c5fdfe21b53a787578807,初期沟通,2025-10-02T03:14:20Z
7c54542ade63cbdb2b5938bf4e8c5b3a,初期沟通,2025-10-02T03:14:20Z
8e8a807d630e8230ff5e73ed0cd2d322,初期沟通,2025-10-02T03:14:20Z
7afa6cb2703045920a37210933e6698a,初期沟通,2025-10-02T03:14:20Z
06e3881262de2d7b346044741607f781,初期沟通,2025-10-02T03:14:20Z
897d2509579d04d8389e3459a9716966,初期沟通,2025-10-02T03:14:20Z
ddd2187cfc1309e22d96f2b48f871f87,初期沟通,2025-10-02T03:14:20Z
7839d8af8c9e157b5cbb1489093b59a1,初期沟通,2025-10-02T03:14:20Z
0e19c12e96807065be6b221b3afc4c11,初期沟通,2025-10-02T03:14:20Z
77a49098147a525e481ccb23981e2f27,初期沟通,2025-10-02T03:14:20Z
c74494eb9eca9e9403f45f0119cfceac,初期沟通,2025-10-02T03:14:20Z
f00c44b2520b71bf36a1422240b247c3,初期沟通,2025-10-02T03:14:20Z
ad6c3aa9acfdd8b505cb5b09ae9ee836,初期沟通,2025-10-02T03:14:20Z
ad6c3aa9acfdd8b505cb5b09ae9ee836,询价/投标,2025-10-02T03:14:20Z
37a4c7ce0f0fe12e59dd4878d9ab4080,初期沟通,2025-10-02T03:14:20Z
37a4c7ce0f0fe12e59dd4878d9ab4080,询价/投标,2025-10-02T03:14:20Z
5024855dfbab9c8375ca00580e2722ee,初期沟通,2025-10-02T03:14:20Z
528856deeeb2c29cf4695c9779b95e41,初期沟通,2025-10-02T03:14:20Z
a31c5a5e491f4b2a3027197f1b7f834f,初期沟通,2025-10-02T03:14:20Z
065412404ff91907d2e4c8eadc25a0fb,初期沟通,2025-10-02T03:14:20Z
f21426d13b04935b3495b8dad63ced21,初期沟通,2025-10-02T03:14:20Z
4a59e24a19dfdc123c1eb55fb6c26f11,初期沟通,2025-10-02T03:14:20Z
43cfd205f490c495bfe3416c27037795,初期沟通,2025-10-02T03:14:20Z
89339a119a9691be1f3b0472a6b8c03d,初期沟通,2025-10-02T03:14:20Z
92e4cf43ab50a1cd4111a9bf141145a9,初期沟通,2025-10-02T03:14:20Z
0c85e7f64e35015dd24ffd9428923a69,初期沟通,2025-10-02T03:14:20Z
441171e007da0b960ba275f2522110aa,初期沟通,2025-10-02T03:14:20Z
1a8adf4eeac07da376678a5b2e1e2c85,初期沟通,2025-10-02T03:14:20Z
a54926fb9f148b748316a31388b1313d,初期沟通,2025-10-02T03:14:20Z
ff573a695c787c3dc3bebfae4f71b0ad,初期沟通,2025-10-02T03:14:20Z
2a58f8644e3371cef49ed1d3a2e8bffe,初期沟通,2025-10-02T03:14:20Z
cf96a1048b5d95a8806c01587b0eb58a,初期沟通,2025-10-02T03:14:20Z
1e730afc17f3ca84c1423ef836e301ee,初期沟通,2025-10-02T03:14:20Z
b6b377ab5cb5f31ca737365d583cda9d,初期沟通,2025-10-02T03:14:20Z
cffb22e585e52c15b17462fd51d3a36b,初期沟通,2025-10-02T03:14:20Z
c33201405a0ddd907bf5fcf76a87dbaf,初期沟通,2025-10-02T03:14:20Z
90576bccfd87f72992b2df1d96899a86,初期沟通,2025-10-02T03:14:20Z
dd9bb89c9cf1e4c11d7fec98d33e58c3,初期沟通,2025-10-02T03:14:20Z
b101492674b9f45caea3d84e8411f4cc,初期沟通,2025-10-02T03:14:20Z
0ca738dfd6f5a2584eee6a4a126e9847,初期沟通,2025-10-02T03:14:20Z
89e49764bd80ef0ae9d63d8692201f7a,询价/投标,2025-10-02T03:14:20Z
89e49764bd80ef0ae9d63d8692201f7a,初期沟通,2025-10-02T03:14:20Z
0fbaf7c8328612009a5a2bf1130fbc56,初期沟通,2025-10-02T03:14:20Z
fa60b799e0fe8b6242bca10d3474c555,初期沟通,2025-10-02T03:14:20Z
59b37001cc4100d8a76ff1ffa8007601,初期沟通,2025-10-02T03:14:20Z
ffeadc2326922eca51cca79e1158ed6d,初期沟通,2025-10-02T03:14:20Z
db4a31b1c8e95ca7787be252b6c7d395,初期沟通,2025-10-02T03:14:20Z
85ba9377dc66684166b308a139e7d19d,初期沟通,2025-10-02T03:14:20Z
407519a683e2a3b4a68bbc3b89274719,初期沟通,2025-10-02T03:14:20Z
c9e8569f6a2974e4b8a37a66bfb34a62,初期沟通,2025-10-02T03:14:20Z
abc90747fa1f3ea37b2654c8800e4422,初期沟通,2025-10-02T03:14:20Z
ec3fcefa2cf17b62fb577b4d24164911,初期沟通,2025-10-02T03:14:20Z
c88f48d02effe2e0b1fde95c1777ce21,初期沟通,2025-10-02T03:14:20Z
cead634938e261b5314106aa85b893d1,初期沟通,2025-10-02T03:14:20Z
c65c7f1dc502afa3a5145c2e45160807,初期沟通,2025-10-02T03:14:20Z
ffd75607ee5267a811e8423323d34854,初期沟通,2025-10-02T03:14:20Z
1de2d1bf94f76637792543edf000a9fc,初期沟通,2025-10-02T03:14:20Z
e0cb35df3fab85a3c2a3e519ac4ee898,初期沟通,2025-10-02T03:14:20Z
9f376ad06fabe4c8bf4d8daec4930685,立项选型,2025-10-02T03:14:20Z
54dc36a6edf00dd793ad4016354bb34d,初期沟通,2025-10-02T03:14:20Z
e0f0a881678aafc79de5f872a26206a1,初期沟通,2025-10-02T03:14:20Z
ec682db65b8a0b2b4b52207c0a89f024,初期沟通,2025-10-02T03:14:20Z
7bd6e18d0b2909a97b370425321e51ba,初期沟通,2025-10-02T03:14:20Z
56475e3351ce2a7f8db9fc6410dd8852,初期沟通,2025-10-02T03:14:20Z
e0b3c607f290ab819304e7754cd9f9f7,初期沟通,2025-10-02T03:14:20Z
ce14e591ff1cecf49c75b7cf13b77a40,初期沟通,2025-10-02T03:14:20Z
0bae61fcab00277f8c7c450a3f12f915,合同签约,2025-10-02T03:14:20Z
5da4102a06a3c242ab3924c1fe31ad17,初期沟通,2025-10-02T03:14:20Z
d58c61908aa23c1764b3decb35449157,初期沟通,2025-10-02T03:14:20Z
8a9d5b244ed8f8001681359fa82fef6e,初期沟通,2025-10-02T03:14:20Z
4d2d1fb53e30c31d9e38b3eb41dc19df,初期沟通,2025-10-02T03:14:20Z
e6dd903b7a6baac1fb12ae81f43636fb,初期沟通,2025-10-02T03:14:20Z
cf8105eb1e896ead2259acb9efd59c40,初期沟通,2025-10-02T03:14:20Z
a94e45ce7f593cd44f41a93dc9ebfdad,初期沟通,2025-10-02T03:14:20Z
179907bc5e8e74efbdd4d915c5e00da0,初期沟通,2025-10-02T03:14:20Z
3c31e889fd69cc68c56be3827f8ec1d2,初期沟通,2025-10-02T03:14:20Z
b136192dae613109bf9649a449f2fc47,初期沟通,2025-10-02T03:14:20Z
55a3c5d646b72f72f02f85b83f8fa1c9,初期沟通,2025-10-02T03:14:20Z
fc11ca9bf7a58c8793ed1a235d5fa473,初期沟通,2025-10-02T03:14:20Z
d6b7b67cd9a3787a14aa55fee591f283,初期沟通,2025-10-02T03:14:20Z
b64acb83f3052bd102065eaaf448174b,初期沟通,2025-10-02T03:14:20Z
cfe755b31565033f02e9d2956228a202,初期沟通,2025-10-02T03:14:20Z
25a4054a35241ffff504604bba22e768,初期沟通,2025-10-02T03:14:20Z
24b07cb6dd7b5d008ccbcbc1ba5d6f8e,初期沟通,2025-10-02T03:14:20Z
c0b009bbd9341732058def04778c4e25,初期沟通,2025-10-02T03:14:20Z
ea555afd4a10b2c0bb2616faf70219ce,初期沟通,2025-10-02T03:14:20Z
fa04fdcfb7e8428bc8b5742d9e62d789,初期沟通,2025-10-02T03:14:20Z
3905f075283e233638c9847b61dac64d,初期沟通,2025-10-02T03:14:20Z
265a290b5acab56c11d92fd5ebca81a6,初期沟通,2025-10-02T03:14:20Z
97c23cab4a3d8e28cf67dfff49f4d55c,初期沟通,2025-10-02T03:14:20Z
f68f7f16017e5dabbda8d8f9508a48d5,初期沟通,2025-10-02T03:14:20Z
c25cb91a00dbd0fbb900831fb6043b94,初期沟通,2025-10-02T03:14:20Z
7f268a8de9b1e8e456ceede8dc4ca7d6,初期沟通,2025-10-02T03:14:20Z
76aac2a65a7ecdb0ed388db7b91419d8,初期沟通,2025-10-02T03:14:20Z
6cf413e422441081c38016aa5280f003,初期沟通,2025-10-02T03:14:20Z
f0f394ee614f650c9f15d1e8dc826eb8,初期沟通,2025-10-02T03:14:20Z
c14a2799a9c1f03bd3d03b2f1da4c3a2,初期沟通,2025-10-02T03:14:20Z
bf07584fefcb46376892260201bb5312,初期沟通,2025-10-02T03:14:20Z
5e254aaaf9d15527a9db67d457826626,初期沟通,2025-10-02T03:14:20Z
33a89437ed8c8170e3383b528623bb79,初期沟通,2025-10-02T03:14:20Z
4c997506a75442077720269db918cb37,初期沟通,2025-10-02T03:14:20Z
4f4ec9f65e0e051f82a65ec08a981fad,初期沟通,2025-10-02T03:14:20Z
fab19854477441e59e32352ee00119f6,初期沟通,2025-10-02T03:14:20Z
8f5319e3b6b93a7699f4ea93ba714fe5,初期沟通,2025-10-02T03:14:20Z
c35feac2068d1d980a1e9f6e69740ba8,初期沟通,2025-10-02T03:14:20Z
705bb297497ba35063e112108419462c,初期沟通,2025-10-02T03:14:20Z
2fa0514c912016782a5498fdaadeda4a,初期沟通,2025-10-02T03:14:20Z
3c6ad95d26caaf9c7fd8d3df837a3eee,初期沟通,2025-10-02T03:14:20Z
7d8212055f306f7755d286185b19d11b,立项选型,2025-10-02T03:14:20Z
2dcde18854adc93f20dd0b93c2b66ae7,初期沟通,2025-10-02T03:14:20Z
6b23b0f8bfbecf8b87c55f857a9b9864,初期沟通,2025-10-02T03:14:20Z
3efe11497643244023f687261937b77f,初期沟通,2025-10-02T03:14:20Z
b8809e2ee91c4cb697080e90ecf9f3be,初期沟通,2025-10-02T03:14:20Z
6c9626b23b22cd5aba4326504f53cba5,初期沟通,2025-10-02T03:14:20Z
26958f92d93fbdbd4a8d1f7694092ee6,初期沟通,2025-10-02T03:14:20Z
2dcdc50dfbace2bb0e874164cc30b4dc,初期沟通,2025-10-02T03:14:20Z
3364c0bc05e5ef5ab34145e0ddf66e81,初期沟通,2025-10-02T03:14:20Z
5f058cd3a0908e45e6fb892335dd85eb,询价/投标,2025-10-02T03:14:20Z
52937699a3d31a8903d344905b3bfb2b,初期沟通,2025-10-02T03:14:20Z
695bca7745e7a61bb8523dd2858dfc22,初期沟通,2025-10-02T03:14:20Z
4391cb5b2a2e3176244683093bec113f,初期沟通,2025-10-02T03:14:20Z
051938180edfda3a4ad42678442ea974,初期沟通,2025-10-02T03:14:20Z
629610adec327e4f8252823cdab89d9a,初期沟通,2025-10-02T03:14:20Z
9821ce13ac3bb35189fcbd167ee5557d,初期沟通,2025-10-02T03:14:20Z
1b6fe7905f6c7d3973cb297c91f195d4,初期沟通,2025-10-02T03:14:20Z
177872f51bcb2d3df1dde777c6bb55a3,初期沟通,2025-10-02T03:14:20Z
85f7ad16b6430d15bce83006a4e2240c,初期沟通,2025-10-02T03:14:20Z
f9bb0ba394368539b7b7a35297f916c9,初期沟通,2025-10-02T03:14:20Z
82a241206305c309e53d2465c1850192,初期沟通,2025-10-02T03:14:20Z
10cca339d9e1c46697efde272967cfac,初期沟通,2025-10-02T03:14:20Z
4cc1d4102cbb094ccf6e52ec87f0be7c,初期沟通,2025-10-02T03:14:20Z
7d352501b242e7d4a3d8d977598ea129,初期沟通,2025-10-02T03:14:20Z
d2d53c76e18292b6b98e13f7e34b68e2,初期沟通,2025-10-02T03:14:20Z
a1a5bb7a8b051d48c59d50b5128da250,初期沟通,2025-10-02T03:14:20Z
3d35c49948616ccbd2d393652f8c6aa3,初期沟通,2025-10-02T03:14:20Z
2d51cb84b97f39b6c819ac7bb594170c,初期沟通,2025-10-02T03:14:20Z
662402f8ac26d706249d5ae74d85db5e,初期沟通,2025-10-02T03:14:20Z
3fefd47ec331387c3c56e578af37c6d3,初期沟通,2025-10-02T03:14:20Z
5c95b4d90f4f19b2bf283cf2c3baf65d,初期沟通,2025-10-02T03:14:20Z
66a9e7e27c39f38837f754d69a25a2ab,初期沟通,2025-10-02T03:14:20Z
a7d3f53dedf146cd81636e3022e24340,初期沟通,2025-10-02T03:14:20Z
93e1f33a937c4232e9b966f2deff185b,初期沟通,2025-10-02T03:14:20Z
eb59c07c915ce00b95500ba5d97c4753,初期沟通,2025-10-02T03:14:20Z
d83eb98c9b156ae36c493ff6d47cf5d5,初期沟通,2025-10-02T03:14:20Z
88e9a452aaaf8762c750a79018e467d7,初期沟通,2025-10-02T03:14:20Z
6ef55c56a228d9c9a1ee638c4ad78a09,初期沟通,2025-10-02T03:14:20Z
a7b6f3de8f9d4917c263c53c402f3bd7,初期沟通,2025-10-02T03:14:20Z
095ae2ed6867a4ede82c3d35b8721dcb,初期沟通,2025-10-02T03:14:20Z
e10aa35be3548adfc3583bedd697ed33,初期沟通,2025-10-02T03:14:20Z
d1f0d43de6a5156f7443e5b3f5e027b4,初期沟通,2025-10-02T03:14:20Z
39f4a18eae1b003b1f02c452a858f1ee,初期沟通,2025-10-02T03:14:20Z
773a2a3ae991493ad5e439de308ef2bc,初期沟通,2025-10-02T03:14:20Z
8eb2820789cc7304160b9e7f6da06882,初期沟通,2025-10-02T03:14:20Z
f7ca8097c13858c3dd0ad2540661e6ec,初期沟通,2025-10-02T03:14:20Z
2dd7a07f0dca0122c38b81f6f01f454e,初期沟通,2025-10-02T03:14:20Z
e072065d63c9e8248ad94b0c06989b6c,初期沟通,2025-10-02T03:14:20Z
cc6c5f5be2c2bb7b8586d041d3af4ee6,初期沟通,2025-10-02T03:14:20Z
624bd08f5c55a0afeb97f1f7da0c4bf5,初期沟通,2025-10-02T03:14:20Z
d7133820ced056289977fdae289a8057,初期沟通,2025-10-02T03:14:20Z
e938ffbc1396b250443904ef4908375d,初期沟通,2025-10-02T03:14:20Z
a0e3bd1ecd72e5f81cf044f3791896fb,初期沟通,2025-10-02T03:14:20Z
7d3bc0203a38c35a579a0e7051147ecc,初期沟通,2025-10-02T03:14:20Z
a01504325a1af036fe890e6fce88a48e,初期沟通,2025-10-02T03:14:20Z
9cbba880bebd69351ca55d93ae64f946,初期沟通,2025-10-02T03:14:20Z
64277bfab1fe876920589ae505aab6a2,初期沟通,2025-10-02T03:14:20Z
9a0c777155b4852901911b6bcd4711a8,初期沟通,2025-10-02T03:14:20Z
9e69939833d7b0c75d678edc1feb956d,初期沟通,2025-10-02T03:14:20Z
f89ee2a8455558e50cdb8fca337d288c,询价/投标,2025-10-02T03:14:20Z
f89ee2a8455558e50cdb8fca337d288c,初期沟通,2025-10-02T03:14:20Z
e52d38e48b82f6ac2a493dca7d9fcb6d,初期沟通,2025-10-02T03:14:20Z
a1ba254a7186f980cd00969a3f39c616,初期沟通,2025-10-02T03:14:20Z
678fa24bcc8d108a1b83949c55a705bc,初期沟通,2025-10-02T03:14:20Z
c866099924d51410470011b68ab4feec,初期沟通,2025-10-02T03:14:20Z
83e17f8078985b71be3f1cccc9fd31f7,初期沟通,2025-10-02T03:14:20Z
d08bfe8405ee7414c3aab5d227a3227b,初期沟通,2025-10-02T03:14:20Z
00bf36cb0716c9c40cbf6a8a5345247e,合同签约,2025-10-02T03:14:20Z
00bf36cb0716c9c40cbf6a8a5345247e,初期沟通,2025-10-02T03:14:20Z
597d9b4dcf98fb7591e0052f9ed3da10,初期沟通,2025-10-02T03:14:20Z
6b905fb11c57180408b36e3971392185,初期沟通,2025-10-02T03:14:20Z
a457a3dea70e38f6be5e0fca0971add9,初期沟通,2025-10-02T03:14:20Z
f7a78073df6e1ee73603b39d47f358dd,初期沟通,2025-10-02T03:14:20Z
e3a3faacd85bca0d54d85050f1767d7a,初期沟通,2025-10-02T03:14:20Z
dee8f5b63c65445f414c001c2ba7dc98,初期沟通,2025-10-02T03:14:20Z
1cef23f80a6318a2a6f031d58785e15d,初期沟通,2025-10-02T03:14:20Z
4940b73020f89759adfdea2de872f397,初期沟通,2025-10-02T03:14:20Z
29617b5c7f22710d85932f10c5ec5d66,初期沟通,2025-10-02T03:14:20Z
523f1d0924dd2da9c2b493d099636355,初期沟通,2025-10-02T03:14:20Z
cabc39dfe78fc5b781853ff2801efc80,初期沟通,2025-10-02T03:14:20Z
8a0d8aec6f0f437ba1163d9483cf1100,初期沟通,2025-10-02T03:14:20Z
faf35a4526675abdc4ccf9d951f6c2f2,初期沟通,2025-10-02T03:14:20Z
dbea378c5bfe5c4a4c1af8e7454bcbfc,初期沟通,2025-10-02T03:14:20Z
c7560495e58034ab417bd9688ff68b61,初期沟通,2025-10-02T03:14:20Z
82814330ef8d63b91e8ff54809417035,初期沟通,2025-10-02T03:14:20Z
13bd5fb584ae6aa2e30eb6b6708e2fb1,初期沟通,2025-10-02T03:14:20Z
a340258ae1aa51f368f73572e22537b9,初期沟通,2025-10-02T03:14:20Z
19c9900e2911d706508aaef99d84b519,初期沟通,2025-10-02T03:14:20Z
3d0b342b41371578d4d1a3ffc084dc2a,初期沟通,2025-10-02T03:14:20Z
23745d97aeb47bed264ad3f1f95ecbf0,初期沟通,2025-10-02T03:14:20Z
e190e54cd64afa3be056aee900295b71,初期沟通,2025-10-02T03:14:20Z
734e241f0755a0405357470ef2b94beb,初期沟通,2025-10-02T03:14:20Z
4a6db10d99e0786858fc00eb09a2c99f,初期沟通,2025-10-02T03:14:20Z
65c23bf1b51e18bcc1dc0077ee27e470,初期沟通,2025-10-02T03:14:20Z
30b81787f646e8c1eeaed34255f4f45f,初期沟通,2025-10-02T03:14:20Z
b4760f0935d7ffb8490d2ffb4edacefb,立项选型,2025-10-02T03:14:20Z
d615bd684be8a4115b07cf2ff868cfb9,初期沟通,2025-10-02T03:14:20Z
a5b2dc69013f24e434b88cb1a1943cb8,初期沟通,2025-10-02T03:14:20Z
8e3aef3ba3437019b63d8685610529a3,初期沟通,2025-10-02T03:14:20Z
d617e28d52bc2fa9473c4a6b988cc971,初期沟通,2025-10-02T03:14:20Z
5b4f82bad966f1c9e0c37e8dfc1a7e13,初期沟通,2025-10-02T03:14:20Z
2e8b621702b241146133d46cd3f7942b,初期沟通,2025-10-02T03:14:20Z
5700154b61b40db4cbdd9c559fff847b,初期沟通,2025-10-02T03:14:20Z
efc5ae2aa00776d47e115c9f1fa15a00,初期沟通,2025-10-02T03:14:20Z
ff1794ee6020c2f6a110f8cdcee06e73,初期沟通,2025-10-02T03:14:20Z
0bf177cbdaac2d0f31f87d62a2540c98,初期沟通,2025-10-02T03:14:20Z
d556a6a34149bbca1c97c5255e4a0dc6,初期沟通,2025-10-02T03:14:20Z
445587568266379532e98f607a7115ae,初期沟通,2025-10-02T03:14:20Z
74a638c40f834b7acfc33b813cf04d9d,初期沟通,2025-10-02T03:14:20Z
53eeb2be4f3ec7d15719eae505a164fe,初期沟通,2025-10-02T03:14:20Z
7e6690fd5e6b681fa2b8eaf5d91e2ced,初期沟通,2025-10-02T03:14:20Z
536bda4402ea54db00dcc0a1f49c58a8,初期沟通,2025-10-02T03:14:20Z
4ed28c2780f845507707211b3569233e,初期沟通,2025-10-02T03:14:20Z
6fe1de894c54161ea273e7d8901476bd,初期沟通,2025-10-02T03:14:20Z
244b7014d3485d08d0d42b84a626abfa,初期沟通,2025-10-02T03:14:20Z
527e5aec4e5050614989dd6464c798ec,初期沟通,2025-10-02T03:14:20Z
70058137ba839a1576ffb2feb221b267,初期沟通,2025-10-02T03:14:20Z
a9fa269a7092357782fa6df1eee33f9e,初期沟通,2025-10-02T03:14:20Z
d86eae8abd45431dba3e504e68a899a7,初期沟通,2025-10-02T03:14:20Z
38312bfda82d19a8d06caf7e8c1ad25c,初期沟通,2025-10-02T03:14:20Z
befeb494bf3685b4836907a3afec4cbc,初期沟通,2025-10-02T03:14:20Z
ace21e04d1d90b92dcf7d60521247fdf,初期沟通,2025-10-02T03:14:20Z
864f0cd7c169d0afa49315dde27ffc6c,立项选型,2025-10-02T03:14:20Z
864f0cd7c169d0afa49315dde27ffc6c,初期沟通,2025-10-02T03:14:20Z
1b35dbabdbeafeb8431900b4515a1a99,初期沟通,2025-10-02T03:14:20Z
a9b84f8d72c37d19d83b80e7be20cd9a,初期沟通,2025-10-02T03:14:20Z
692672f49654306479552885d94352e8,初期沟通,2025-10-02T03:14:20Z
5cf2fdec9e5ab33533c17b2df6a01572,初期沟通,2025-10-02T03:14:20Z
fd1c69597d8c75c9823a50d96beedbc0,初期沟通,2025-10-02T03:14:20Z
5e81835fa5ca336cb8f4b8df8324a37e,初期沟通,2025-10-02T03:14:20Z
12c17303153f1ffd5853dfec1d961167,初期沟通,2025-10-02T03:14:20Z
b3562646e66a0b612ca52c2f536425b5,初期沟通,2025-10-02T03:14:20Z
65e902cce3caf7dd10c36c69d355deea,初期沟通,2025-10-02T03:14:20Z
2de5ab7ade48b1ba7645c4fe01ac09c1,初期沟通,2025-10-02T03:14:20Z
dc101cb263443252d69a9827dddcdcdd,初期沟通,2025-10-02T03:14:20Z
62007fbf327b58333bd9e6d70a8daef9,初期沟通,2025-10-02T03:14:20Z
1873bd6d7379527776a319e88bc8438f,初期沟通,2025-10-02T03:14:20Z
83b4c82436eb5574c00c8a1b0729d61f,初期沟通,2025-10-02T03:14:20Z
10400bb578203884871c9f06d8da0ac3,初期沟通,2025-10-02T03:14:20Z
10400bb578203884871c9f06d8da0ac3,询价/投标,2025-10-02T03:14:20Z
af0189c6470f65d3ed34396618a6fffc,初期沟通,2025-10-02T03:14:20Z
bb6fc74b0a7c03f5188c66750f002c8d,初期沟通,2025-10-02T03:14:20Z
3f3cd87406009475e7ed64933b0a6e9d,初期沟通,2025-10-02T03:14:20Z
ac1361d01cf9b6a5b770af09afcb59a5,初期沟通,2025-10-02T03:14:20Z
13f4732f361c7108705a6901932b26d9,初期沟通,2025-10-02T03:14:20Z
3c0833269427baf94ccdbd35d200bec1,初期沟通,2025-10-02T03:14:20Z
61c4c9b1d63b83b8fa1d97f9e58c8194,初期沟通,2025-10-02T03:14:20Z
aa20d7286142863c561151f99c8f6912,初期沟通,2025-10-02T03:14:20Z
572b0c650873c6291f54c47a2bd40c41,初期沟通,2025-10-02T03:14:20Z
c8c360f5eb3f2ee7119a4105e27ef80a,初期沟通,2025-10-02T03:14:20Z
4037497cdb6c530e4ac322b4327babc5,初期沟通,2025-10-02T03:14:20Z
c8e452458264fe88ce9a95b413cbb850,初期沟通,2025-10-02T03:14:20Z
e558e08e31ee9ecd8921e0d9bd399688,初期沟通,2025-10-02T03:14:20Z
a486ff5f19c006b41412cb0e37809392,初期沟通,2025-10-02T03:14:20Z
38a2aeebbe7fdf47eef18493aa022303,合同签约,2025-10-02T03:14:20Z
38a2aeebbe7fdf47eef18493aa022303,初期沟通,2025-10-02T03:14:20Z
9936df86c74bb1fa1dbba3d98eb0eeb4,初期沟通,2025-10-02T03:14:20Z
65f3d4db53c3718dd6e50c0579110423,初期沟通,2025-10-02T03:14:20Z
a756a207f2d8618f7e98dab07a2f4970,初期沟通,2025-10-02T03:14:20Z
06df87c5d9efe8c5cca357d1984f0013,初期沟通,2025-10-02T03:14:20Z
00cce9323baf92b29e21e4369628ef4e,初期沟通,2025-10-02T03:14:20Z
aaa2b732fae684fdcdb5426f341b60d5,初期沟通,2025-10-02T03:14:20Z
f63667675aabb22daaec0baed9f4963e,初期沟通,2025-10-02T03:14:20Z
5b8b13e101d2ca61f714aa2d1a02bedd,初期沟通,2025-10-02T03:14:20Z
f711ea65cdb4188adf9cefd3a21f5c8d,初期沟通,2025-10-02T03:14:20Z
495e415812e4f4c7bfd7bc4ae034cbfe,初期沟通,2025-10-02T03:14:20Z
31b2c147cfc8ca2847274058c80ce9d4,初期沟通,2025-10-02T03:14:20Z
e1db7f85b3775f2e8f291f19c49a09f9,初期沟通,2025-10-02T03:14:20Z
30752361e19ee654cd9bac45d309dce2,初期沟通,2025-10-02T03:14:20Z
79caa9fc818eb409e3b7b77edd9a3e51,初期沟通,2025-10-02T03:14:20Z
9f8f3e89bf93d1a37e2fa4496ab1b454,初期沟通,2025-10-02T03:14:20Z
2f4c887793fdfd77263a21b113f87b0e,初期沟通,2025-10-02T03:14:20Z
78c2f3afe9384298b84e4df147c245f3,初期沟通,2025-10-02T03:14:20Z
29f68006c884ed26db8ea631c19a5eaa,初期沟通,2025-10-02T03:14:20Z
0c3d766845c589344ecfa8e54c965ad6,初期沟通,2025-10-02T03:14:20Z
a690ddbf241d8624d6e2652712898989,初期沟通,2025-10-02T03:14:20Z
8631248ea8620279bb0f58543da96553,初期沟通,2025-10-02T03:14:20Z
76043d4b6e27166351075dac10729a43,初期沟通,2025-10-02T03:14:20Z
808babfe405d18632c506c00e9db77fb,初期沟通,2025-10-02T03:14:20Z
bea1626677bd2f1d2dc1f9ecfb6fe05d,初期沟通,2025-10-02T03:14:20Z
b50c9c45032e60c7d31cc2ac689fb66d,初期沟通,2025-10-02T03:14:20Z
67e0c8049d1ee2885b90cd26ffb5dfce,初期沟通,2025-10-02T03:14:20Z
3750dcb82581fc8f6c395fe53f75af6a,初期沟通,2025-10-02T03:14:20Z
5a7e6547360a1c44030ca8de8ac1180d,初期沟通,2025-10-02T03:14:20Z
eecd29c365e60f29bcd8545088fd1719,初期沟通,2025-10-02T03:14:20Z
e0248a40c8630649c2d32104b64348f7,初期沟通,2025-10-02T03:14:20Z
9187f022a40350becf9809da908ec4c2,初期沟通,2025-10-02T03:14:20Z
efb726140b0268114d8b7a21557a4f9a,初期沟通,2025-10-02T03:14:20Z
a1fc36a715bfb3207169f46113f52aaf,初期沟通,2025-10-02T03:14:20Z
243a95418c65ca0b9a340f6555d80e4d,初期沟通,2025-10-02T03:14:20Z
4c96d507046383d09f113d0710545776,初期沟通,2025-10-02T03:14:20Z
b2dbb320f99810cdb18bf4386a4646b8,初期沟通,2025-10-02T03:14:20Z
9388678a1fbd905a1566f8f6a74cfc3b,初期沟通,2025-10-02T03:14:20Z
7ef0af97d3a70e729fd983e1f2a33bae,初期沟通,2025-10-02T03:14:20Z
8e03dd94903e5c3adcbc096c6cbd83d6,初期沟通,2025-10-02T03:14:20Z
77ff12086b607d2def4da44b8724f9b3,初期沟通,2025-10-02T03:14:20Z
4f71fcc89c10d140dff81644b6e560e9,初期沟通,2025-10-02T03:14:20Z
a450e7fd3b086e8398b5af6b07c00a54,初期沟通,2025-10-02T03:14:20Z
bf3bcd1d5ecb09dac40d085eac3891c4,初期沟通,2025-10-02T03:14:20Z
66d3e0c8bcee5a8cb6fc71928987de01,初期沟通,2025-10-02T03:14:20Z
b0d929549530543cf6c05cec870b679d,初期沟通,2025-10-02T03:14:20Z
e11077094588e69a7661551e9509124a,初期沟通,2025-10-02T03:14:20Z
259997c8431bd28f438cb153997a8bde,初期沟通,2025-10-02T03:14:20Z
5707a0ddda818751cf10732c4473ce3f,初期沟通,2025-10-02T03:14:20Z
78d3b133df070a6c60af00dd37c5248b,初期沟通,2025-10-02T03:14:20Z
404ceb265d2d8d80c51edc770ef679d4,初期沟通,2025-10-02T03:14:20Z
b02a225a03aca87b62cd10e2e15b84f9,初期沟通,2025-10-02T03:14:20Z
b02a225a03aca87b62cd10e2e15b84f9,立项选型,2025-10-02T03:14:20Z
f7533b5b30eccd44c306fb03361bcb55,初期沟通,2025-10-02T03:14:20Z
efbb74df141067cb1ad263e4c632ebdc,初期沟通,2025-10-02T03:14:20Z
913221a4998bcc3578726a5f0038e4d1,初期沟通,2025-10-02T03:14:20Z
555498646d0afebf8334165ac9dc1632,初期沟通,2025-10-02T03:14:20Z
1d6ce59dea8d0445d98cb21e9c1fceea,初期沟通,2025-10-02T03:14:20Z
7011b1e1dfc4490c9726db8935a7a730,初期沟通,2025-10-02T03:14:20Z
cf2dd698a33a95329812b3c8c788472c,初期沟通,2025-10-02T03:14:20Z
a26c7a2da650e0aea4ba6b52a4bf7d9e,初期沟通,2025-10-02T03:14:20Z
185879ac70c2e7f2e4e0a56e283f33ab,立项选型,2025-10-02T03:14:20Z
57de22d5a4c79655e48b2ccbc6391aa0,初期沟通,2025-10-02T03:14:20Z
82d934e794e18c460615e7309a1fcb52,初期沟通,2025-10-02T03:14:20Z
3f1eb79cadf3e5ff1d146655bd37d47b,初期沟通,2025-10-02T03:14:20Z
2dc33a686a59b7a58539eaf2529a1193,初期沟通,2025-10-02T03:14:20Z
9d09dd263adab3fdc4bc3bc6cbde1550,初期沟通,2025-10-02T03:14:20Z
578a9e2c5d34008e1086cb4d7d10866d,初期沟通,2025-10-02T03:14:20Z
f5ed5f33886eca853f5e9f190e41edba,初期沟通,2025-10-02T03:14:20Z
75f4218987a2d5b99b0d758038fd1a3e,初期沟通,2025-10-02T03:14:20Z
8b52978979a3ecf5429803f4bfc121e9,初期沟通,2025-10-02T03:14:20Z
51e5f1088f054ca107ad130c0a0c91e0,初期沟通,2025-10-02T03:14:20Z
9549f1245821ac8b124a7889f1dd845d,初期沟通,2025-10-02T03:14:20Z
f1e12056f42614b27abbb5399dd28943,初期沟通,2025-10-02T03:14:20Z
195ff31de59c3066b2597b36d07e3b65,初期沟通,2025-10-02T03:14:20Z
f414b550629819a19edc0051b1113f3a,初期沟通,2025-10-02T03:14:20Z
acc6276a5523ed2f7ebc3e96f21824cb,初期沟通,2025-10-02T03:14:20Z
14492f0785ba2cc6fab6e61148c972e4,初期沟通,2025-10-02T03:14:20Z
c9b9ab1104175d7fbcee6c95f4f2159d,初期沟通,2025-10-02T03:14:20Z
6c5c7e5b02581c7caea84ad049ea4dc2,初期沟通,2025-10-02T03:14:20Z
e982d20b009f94106943f1927eca085a,初期沟通,2025-10-02T03:14:20Z
1ad3c20dcbc5b08b2e0d085f1bbc0125,初期沟通,2025-10-02T03:14:20Z
7a151117f17094f5fbc01d633836471f,初期沟通,2025-10-02T03:14:20Z
ba28d38aab75b78870b4e3e3d7d34fb7,初期沟通,2025-10-02T03:14:20Z
c88e6463ba9a0fad18bad4c3d2a0a209,初期沟通,2025-10-02T03:14:20Z
3fd461fee8de736c55385436cbad8045,初期沟通,2025-10-02T03:14:20Z
c77092b48972a6bcb82582d4d193a6d5,询价/投标,2025-10-02T03:14:20Z
e06525667ae89e3565aa58c4873f6b71,初期沟通,2025-10-02T03:14:20Z
d2bc4c09b6ca089d90e7165c8e879a1c,初期沟通,2025-10-02T03:14:20Z
f92cc7f490df1bb060876e4c94ea6118,初期沟通,2025-10-02T03:14:20Z
43062368e11ca9445329f461e3cc0f10,立项选型,2025-10-02T03:14:20Z
62cb481492b98af4c5f7185d5fd56555,初期沟通,2025-10-02T03:14:20Z
78f5532dae7332638176701e4a207004,初期沟通,2025-10-02T03:14:20Z
c426cd5f154999029fd7d6adb0433f4d,初期沟通,2025-10-02T03:14:20Z
69162f78f6a1d6f1678c813977a1194a,初期沟通,2025-10-02T03:14:20Z
112a24b5f4bc50310d15fd1fdc8bcdca,初期沟通,2025-10-02T03:14:20Z
4d2bb73b744bb5fa2743792f1d1939dd,初期沟通,2025-10-02T03:14:20Z
98ae35ff8490b7881e6bd1902d2efdf4,初期沟通,2025-10-02T03:14:20Z
c21e99fa4670b73b9b6841ee9f9be043,初期沟通,2025-10-02T03:14:20Z
173b5ffb7dfa382c06078471495dea50,初期沟通,2025-10-02T03:14:20Z
4449854c0f2fefa7365dc4872b437ddb,初期沟通,2025-10-02T03:14:20Z
7f43b5f5998ebfeffe13c9566e9710a6,初期沟通,2025-10-02T03:14:20Z
7f43b5f5998ebfeffe13c9566e9710a6,立项选型,2025-10-02T03:14:20Z
3737cfe723433985c37db0c48f99536f,询价/投标,2025-10-02T03:14:20Z
dbb917e675b36703c72c5636dded7fb3,初期沟通,2025-10-02T03:14:20Z
67d0047d734eca391c53088620acdbdf,初期沟通,2025-10-02T03:14:20Z
ec4cf0ceab959bcb3393533795793f9a,初期沟通,2025-10-02T03:14:20Z
0fff0e1a6d7f61efc5eac06a301efe23,初期沟通,2025-10-02T03:14:20Z
2bb7e45dcfc5ad0b7609c1f0ae3980d2,初期沟通,2025-10-02T03:14:20Z
d89bf3f7f69d72d806f00f95acc349e9,初期沟通,2025-10-02T03:14:20Z
e96e06bf627d63619857042cf89c1c49,初期沟通,2025-10-02T03:14:20Z
8c7d8329854eb5bb1a280649b1271870,初期沟通,2025-10-02T03:14:20Z
f2941b974e919639e29003e34b55c232,初期沟通,2025-10-02T03:14:20Z
90918cd62a09282bb01ab63ec927ab95,初期沟通,2025-10-02T03:14:20Z
f236d2d9e297d73d407dbff87cfda7b5,初期沟通,2025-10-02T03:14:20Z
fa799bcb19c240103fd22ff5777a739d,初期沟通,2025-10-02T03:14:20Z
665c35c16a4c9c8079f123efd4252fa7,初期沟通,2025-10-02T03:14:20Z
ce0a23381622ce195f60543f5926fd0e,初期沟通,2025-10-02T03:14:20Z
7c43ce02dc04f530257a3023a890191b,初期沟通,2025-10-02T03:14:20Z
1780acbd40e06bf5d06a0730f3785b76,初期沟通,2025-10-02T03:14:20Z
a6f2482f47be73f289d757ec7cf818c2,初期沟通,2025-10-02T03:14:20Z
c8e3d194a7fc083ad25c1fc278e09b91,初期沟通,2025-10-02T03:14:20Z
e90f6b4387702ffe60ac8a39f91bd3a5,初期沟通,2025-10-02T03:14:20Z
5659a198f8f0b8500ca698855281eb11,初期沟通,2025-10-02T03:14:20Z
83125063ea19d49d22ea06f6bd259ae4,初期沟通,2025-10-02T03:14:20Z
c0c659488a5310b7c200b346f789a879,初期沟通,2025-10-02T03:14:20Z
4e1716fe304944636460962ec7eff523,初期沟通,2025-10-02T03:14:20Z
e07f83e41958ad253f33b8764f67c2a0,初期沟通,2025-10-02T03:14:20Z
d31c9144c951ec9460adfb082d55dbb2,初期沟通,2025-10-02T03:14:20Z
794f23f6463cd1f6afb87edde1cb392d,方案制定,2025-10-02T03:14:20Z
794f23f6463cd1f6afb87edde1cb392d,初期沟通,2025-10-02T03:14:20Z
b6ca92873345c6a63b70dd172352c6ff,初期沟通,2025-10-02T03:14:20Z
07e6b0822b9594fcd7ab1eba82b46977,初期沟通,2025-10-02T03:14:20Z
b0e010df674d0a0d10dc9f9a23d8c739,初期沟通,2025-10-02T03:14:20Z
ecaca0011d1f64b05bbdab582b43c1d0,初期沟通,2025-10-02T03:14:20Z
1c35d34b4ec0019f7c0e419114421a9a,初期沟通,2025-10-02T03:14:20Z
614188213896e974351b47ac65750a4f,初期沟通,2025-10-02T03:14:20Z
0b52e670f1005c96883f5db33c102d82,初期沟通,2025-10-02T03:14:20Z
4210c6ab32d80e4b0160a95c8027a8bb,初期沟通,2025-10-02T03:14:20Z
eaa04963abcd83f9994b9b5b5999c8f4,初期沟通,2025-10-02T03:14:20Z
d73567f587355be03ff2625b38ba0761,初期沟通,2025-10-02T03:14:20Z
28fc46b6fba3103b9dbad8c9525c248d,初期沟通,2025-10-02T03:14:20Z
7b8ea7a3cc56bd5e73f06d46ef0d5f28,初期沟通,2025-10-02T03:14:20Z
79b6208008824aa0bf027d1d1955bfa0,初期沟通,2025-10-02T03:14:20Z
5de558ec6bd512a4c657a18ea57f9d78,初期沟通,2025-10-02T03:14:20Z
70db7b4a9fbacbbb7f9ebc8ce5a5c408,初期沟通,2025-10-02T03:14:20Z
13e92d43b2e6f507ec6f96aa5ebee848,初期沟通,2025-10-02T03:14:20Z
51e31c67fefe47bc3ca3e43a63de04d6,初期沟通,2025-10-02T03:14:20Z
8751233f6004e3ae8dbb67949992712a,初期沟通,2025-10-02T03:14:20Z
a4fb73cca0097566e8a9856672e68111,初期沟通,2025-10-02T03:14:20Z
b5bbe1180d2762daa2b72b126b1d70d3,初期沟通,2025-10-02T03:14:20Z
848983c2d59cc52a7b4ffc1fcacef433,初期沟通,2025-10-02T03:14:20Z
d80c83b62c2749052069baa2c232f6eb,初期沟通,2025-10-02T03:14:20Z
e677b2c5f59b37db395cabcd64437e78,初期沟通,2025-10-02T03:14:20Z
be2e6d4eedf5290a48f501b0bb663ae5,初期沟通,2025-10-02T03:14:20Z
9b37c5cb02cd05d31c202dbb0b8b7717,初期沟通,2025-10-02T03:14:20Z
2c8598611834d562bcdd376e7a4c51eb,初期沟通,2025-10-02T03:14:20Z
dd9ca4558521bf6990d93db90139a823,初期沟通,2025-10-02T03:14:20Z
ac94b8b8935fc50ef0b9ee7aec1ba7eb,初期沟通,2025-10-02T03:14:20Z
ce6b5a066e017a7a6629e7ef78dd7625,初期沟通,2025-10-02T03:14:20Z
7aa5dc35b32b3d705c7fdae66d8f6928,初期沟通,2025-10-02T03:14:20Z
be4a43312360af258414debfe627de18,初期沟通,2025-10-02T03:14:20Z
a04b2549e88a554f7573a286efd165f8,初期沟通,2025-10-02T03:14:20Z
ad9201f6778e154ea30f8ae5d4cc70fc,初期沟通,2025-10-02T03:14:20Z
7344f2df14485082f025a8555f8316dd,初期沟通,2025-10-02T03:14:20Z
fe7107c5a76469a367733bed0c3c8a26,初期沟通,2025-10-02T03:14:20Z
5f4450089f0a30662c329332bd976528,初期沟通,2025-10-02T03:14:20Z
3a313e199854c75cf4f4a96a200ddb93,初期沟通,2025-10-02T03:14:20Z
677c6a96f1a890d1f84f9ee389a74bc6,询价/投标,2025-10-02T03:14:20Z
677c6a96f1a890d1f84f9ee389a74bc6,初期沟通,2025-10-02T03:14:20Z
5a54813921979b4ca2f4bbfa9b090103,初期沟通,2025-10-02T03:14:20Z
a08e4d9faad42f2de3c2bb8e39402957,初期沟通,2025-10-02T03:14:20Z
c36e465f16d4d6cdd3e6b8d824b8cdbc,初期沟通,2025-10-02T03:14:20Z
ffbabb88867d0bf9cbf8b32b0de6cd70,初期沟通,2025-10-02T03:14:20Z
b043909d323299f998994ff4ed6fee14,初期沟通,2025-10-02T03:14:20Z
e326d997be8c09fb06b22fc9f7c1302e,初期沟通,2025-10-02T03:14:20Z
c302f68e5720ac666d7ee44716a9e7c5,初期沟通,2025-10-02T03:14:20Z
8eb177c0b0825acd785b882af20408d8,初期沟通,2025-10-02T03:14:20Z
7a273b2095c5c03d67cd5b2c90a66e74,初期沟通,2025-10-02T03:14:20Z
7a273b2095c5c03d67cd5b2c90a66e74,合同签约,2025-10-02T03:14:20Z
fcf46aa6834e17740dad1573aaabbacc,初期沟通,2025-10-02T03:14:20Z
fd1c407fbb614c8e9dec188be209962a,初期沟通,2025-10-02T03:14:20Z
b8d15fbbb7660f629e18840447094886,初期沟通,2025-10-02T03:14:20Z
ce299b5a4cddac90701789f3f868d083,初期沟通,2025-10-02T03:14:20Z
9954e913d0eb39191f2de90b31786c61,初期沟通,2025-10-02T03:14:20Z
b4460723516a9f167688154a7b50079f,初期沟通,2025-10-02T03:14:20Z
b03be86f730645cabfa96b0765f2a33e,初期沟通,2025-10-02T03:14:20Z
5e831687bfd31505b9f243f61eddb2c5,初期沟通,2025-10-02T03:14:20Z
936b9936542f56182f4ef20e59dc5902,初期沟通,2025-10-02T03:14:20Z
d830259188d8f8ffe1b0cb4358734580,初期沟通,2025-10-02T03:14:20Z
a15704e878f3fd105fd9cc8bd1602e01,初期沟通,2025-10-02T03:14:20Z
849908989b9777dbde2bd1a56d4ee33a,初期沟通,2025-10-02T03:14:20Z
3f8cf2c76b063092aba9f9e494fc2a34,初期沟通,2025-10-02T03:14:20Z
f8c18f58edce01ef44a9b872da8d90d9,初期沟通,2025-10-02T03:14:20Z
42c74f42937bd08629bf13a08f749e2d,初期沟通,2025-10-02T03:14:20Z
65bf861deeec6a4efde97ec5228f37f4,初期沟通,2025-10-02T03:14:20Z
1791e4cdd68dcce4cfbcb11f77643ed0,初期沟通,2025-10-02T03:14:20Z
c5e67fabb6e4c05691243eeb649b9334,初期沟通,2025-10-02T03:14:20Z
583bc503abe22fc52d5d7b5b967f0278,初期沟通,2025-10-02T03:14:20Z
e7a975309447cb3fc710aa8a40b3d537,询价/投标,2025-10-02T03:14:20Z
60089b71cccb6980e9b632efd86e767a,初期沟通,2025-10-02T03:14:20Z
af980cca6d1de920b075cfe1453c6b5b,初期沟通,2025-10-02T03:14:20Z
b33019068016648addef942d1bf915ed,初期沟通,2025-10-02T03:14:20Z
f0c653ea3ccc326294c92035ed8ae67f,初期沟通,2025-10-02T03:14:20Z
f210388fa37f3c022696b8d53dfb4591,初期沟通,2025-10-02T03:14:20Z
f335bf2b18aec3ddee3cbd2c46460aba,初期沟通,2025-10-02T03:14:20Z
adfec870f1115a744b113dda7e539fac,初期沟通,2025-10-02T03:14:20Z
f0f7cecbaf582feec264a66a40e30be0,初期沟通,2025-10-02T03:14:20Z
4b7475f150366983d150c7794d1d258d,初期沟通,2025-10-02T03:14:20Z
fe5aa464ac042b7dd852e8fe478e7225,初期沟通,2025-10-02T03:14:20Z
4bf2787f33839cf13331d9f2941dd76c,初期沟通,2025-10-02T03:14:20Z
97b77cad8b0c123190f2082e9c6951c0,初期沟通,2025-10-02T03:14:20Z
bdf6186415f732415536c6e76f96d0bc,初期沟通,2025-10-02T03:14:20Z
16ea368c00f5aa8a3ea2e68c89914502,初期沟通,2025-10-02T03:14:20Z
a2c60bfa0ebfb640b68861b642de285e,初期沟通,2025-10-02T03:14:20Z
29f8d3dc6d4a6e36bd984058805035a3,初期沟通,2025-10-02T03:14:20Z
bfc767ddc59ec9ac59fd52e300adc55f,初期沟通,2025-10-02T03:14:20Z
16f69a66575a2077565b5a8171078075,初期沟通,2025-10-02T03:14:20Z
0986379dc861c27fdd601b09f6aa3a52,初期沟通,2025-10-02T03:14:20Z
a1f8ca09841293db3c64a99aa1b10079,合同签约,2025-10-02T03:14:20Z
a1f8ca09841293db3c64a99aa1b10079,立项选型,2025-10-02T03:14:20Z
037d783ea4873a46a647117959d59932,初期沟通,2025-10-02T03:14:20Z
ef92fae9db90fbe2639db93d77ad49a8,初期沟通,2025-10-02T03:14:20Z
674b77508bc7291bd5f1e03855350517,初期沟通,2025-10-02T03:14:20Z
8370d92e162e204244d79eb0d89ead39,初期沟通,2025-10-02T03:14:20Z
b76376cca76b38982359d420a2971cf1,初期沟通,2025-10-02T03:14:20Z
d296d1ec00a59e47915512fb88aea3d4,初期沟通,2025-10-02T03:14:20Z
5b1b4291de0a2fcc294329f78a253391,初期沟通,2025-10-02T03:14:20Z
3cabdc5afc80ceb248ef387ff9daeb72,初期沟通,2025-10-02T03:14:20Z
29cb006153add2acd144f8b213c17e90,初期沟通,2025-10-02T03:14:20Z
6394959d0bf887c870a506baac52cefe,初期沟通,2025-10-02T03:14:20Z
010fa9d5b66b7f1df817d87df88541af,初期沟通,2025-10-02T03:14:20Z
6fd1c653c604690054ce015cd38bf4a2,初期沟通,2025-10-02T03:14:20Z
9afc3793f78145a30ad2511b87617daa,初期沟通,2025-10-02T03:14:20Z
03d6e96aee2b54489292652ea1c0ddcc,初期沟通,2025-10-02T03:14:20Z
9290c9c3398dfc169f0ccb36d0b5e187,初期沟通,2025-10-02T03:14:20Z
7279ca1c2687303d7ff4ff24c8f47d9b,初期沟通,2025-10-02T03:14:20Z
8e883195da42c97f33068d99746b9204,初期沟通,2025-10-02T03:14:20Z
b7c32f371ef804be925af9e1506d8a84,初期沟通,2025-10-02T03:14:20Z
2322786a26ea83532758d9001f05be8d,初期沟通,2025-10-02T03:14:20Z
fb6abad76a7af87c749d99d69099729b,初期沟通,2025-10-02T03:14:20Z
13da1466f152c0ee24dafc594f090b7c,初期沟通,2025-10-02T03:14:20Z
3185fce061abf2324db834611c433af4,初期沟通,2025-10-02T03:14:20Z
e3ed7edc93a4ccf751db3d910570c19d,初期沟通,2025-10-02T03:14:20Z
4f29df03228f2e9fff097cd3d63e7500,初期沟通,2025-10-02T03:14:20Z
ab3b07c842766d6e65a4bdd72e252408,立项选型,2025-10-02T03:14:20Z
9e4f175496bec9211b9f49e05274194a,初期沟通,2025-10-02T03:14:20Z
d0f3603924865d069c4324e781609802,初期沟通,2025-10-02T03:14:20Z
bea85fc12bf4912cdd4d8c4f8f089b02,初期沟通,2025-10-02T03:14:20Z
e35782468cc8b62b2562bfabb1dd2976,初期沟通,2025-10-02T03:14:20Z
e36675891689c6e06267daf6341e1fe5,初期沟通,2025-10-02T03:14:20Z
c46fa9af61fea7e018ab81f32b584e00,初期沟通,2025-10-02T03:14:20Z
0de9aeeb9b3341d35ef2facf50141d2b,初期沟通,2025-10-02T03:14:20Z
972dbc294716844e1cadae98a8a5890c,初期沟通,2025-10-02T03:14:20Z
926c6ce93e49d80536eba83664720fed,初期沟通,2025-10-02T03:14:20Z
249f9f4c57bef46aa08bfb6e661910fc,初期沟通,2025-10-02T03:14:20Z
57777ee69e2afccc3f0568f5d9bfadfe,初期沟通,2025-10-02T03:14:20Z
6c0c3034789deec831986b9c2f29396f,初期沟通,2025-10-02T03:14:20Z
c71011df9dd43d5534b5cb38eee65821,初期沟通,2025-10-02T03:14:20Z
70cc98ef37346c38b7de607e6e3e0ee8,初期沟通,2025-10-02T03:14:20Z
dd43b7284bac7159c7f63a7c706ad218,初期沟通,2025-10-02T03:14:20Z
3258398bee6a43fe0365ee183a667879,初期沟通,2025-10-02T03:14:20Z
8d93f1aa70102886760525b59ddceda3,初期沟通,2025-10-02T03:14:20Z
6af22ad5faa7e4f93b950947f007aeb0,初期沟通,2025-10-02T03:14:20Z
62f6e093f9f53e0b16629f6ae0d7cadf,初期沟通,2025-10-02T03:14:20Z
c5ac4f9be3279f2d7a6a9e49cfc931c1,初期沟通,2025-10-02T03:14:20Z
2f8fa194f982ff464e3a0d0ed82d2a98,初期沟通,2025-10-02T03:14:20Z
aa588ef6440136a09b7667d400204f1b,初期沟通,2025-10-02T03:14:20Z
67987f3662bb34993785bf59ab1f7a15,初期沟通,2025-10-02T03:14:20Z
eb145b5472e3a1256c82f6ccfb9b79f1,初期沟通,2025-10-02T03:14:20Z
a809193cdda418ad50a1b30537aa0d2f,初期沟通,2025-10-02T03:14:20Z
c336a9e74284d7cc7d0f86c97a89b12d,初期沟通,2025-10-02T03:14:20Z
94a4d713da9efe28f09a99924d153640,初期沟通,2025-10-02T03:14:20Z
2d20bd2e806daebde1a6ac60ef49f6c8,初期沟通,2025-10-02T03:14:20Z
5007dca481a43f7284a20c688a5fd237,初期沟通,2025-10-02T03:14:20Z
6e84e5096abd91867cb87a6c0f6627bf,立项选型,2025-10-02T03:14:20Z
a2ec7dda610181714d68fe26d83cf929,初期沟通,2025-10-02T03:14:20Z
dfeecd3ac28fb29d325c3f1d5cb5f302,初期沟通,2025-10-02T03:14:20Z
0394cd58d6321f664ca02c0980ef20a7,初期沟通,2025-10-02T03:14:20Z
a7f06c98e11fa8b4b851bfaf8b00f69a,初期沟通,2025-10-02T03:14:20Z
5ed503670cef96b4e1407cd6eee1d01b,初期沟通,2025-10-02T03:14:20Z
ac8ecb18633206a09a58ab92d2ed55fd,初期沟通,2025-10-02T03:14:20Z
9dd2fc0a67ff6e35c7241c183b2e1a82,初期沟通,2025-10-02T03:14:20Z
6c486f6d2d9549fd106db701a458d9c2,初期沟通,2025-10-02T03:14:20Z
22b6333134c425085af2c42f7f13d5f7,初期沟通,2025-10-02T03:14:20Z
071bf1a3123038b72430f59f1c5602eb,初期沟通,2025-10-02T03:14:20Z
b0c05b3e1b5d3ff1fadcaae2c6c2a2d5,初期沟通,2025-10-02T03:14:20Z
e2b6562e4d113561c648805b606ff9f6,初期沟通,2025-10-02T03:14:20Z
d951c1a941f9004b491d1e2b7032ec81,初期沟通,2025-10-02T03:14:20Z
afbebc3ace65f43d692bd32de5668706,初期沟通,2025-10-02T03:14:20Z
4b57b59c21d26afb8c354d748601101e,初期沟通,2025-10-02T03:14:20Z
beb9fdb0ff5bf0842e6532164f995e2c,初期沟通,2025-10-02T03:14:20Z
b7f561c37bade3c90205e5378e41ed73,初期沟通,2025-10-02T03:14:20Z
720c4c4e9066ee61f6873ce0bdb60961,初期沟通,2025-10-02T03:14:20Z
f10b51f0931655ccea1745c04edc64ec,初期沟通,2025-10-02T03:14:20Z
b329ca96f389286d71ea33383a20e4ec,初期沟通,2025-10-02T03:14:20Z
b4619a147784d029d176220dc167d1cc,初期沟通,2025-10-02T03:14:20Z
650958f311b78f14de55245759d3c8c3,初期沟通,2025-10-02T03:14:20Z
73841b58cc877d5e25b0c29ea4798997,初期沟通,2025-10-02T03:14:20Z
da5f7703a0f5da40408893e61524f010,初期沟通,2025-10-02T03:14:20Z
0cf59833034a512bc1b192850a6bfc55,初期沟通,2025-10-02T03:14:20Z
85097df654dba598d2fd620a9efc57b7,初期沟通,2025-10-02T03:14:20Z
900d9538ea56e9d246e2ea04923c8e63,初期沟通,2025-10-02T03:14:20Z
e8541ec99dbb814c9e9a3a3bf4f917bf,初期沟通,2025-10-02T03:14:20Z
5a8bec846d1b7e5e8458c507da579544,初期沟通,2025-10-02T03:14:20Z
7fdae8c313beca83001cee83cfdead95,初期沟通,2025-10-02T03:14:20Z
f4d48421e0fc9ec25fee0f4228bac276,询价/投标,2025-10-02T03:14:20Z
9b16a02204ddfea05e09afeebcf37da6,初期沟通,2025-10-02T03:14:20Z
02495a3537d96f5b932af0a37f603446,初期沟通,2025-10-02T03:14:20Z
1ab07ec7bcabf67465ff447e4a585afc,初期沟通,2025-10-02T03:14:20Z
c606fe1c9702377d31d4b0851f2313e0,初期沟通,2025-10-02T03:14:20Z
9dcdfe18ad11fc2010e4adc243aca88a,初期沟通,2025-10-02T03:14:20Z
e069f6e179d24b2a6ab5d882ac3cb397,初期沟通,2025-10-02T03:14:20Z
51b01ad204a9dbee256eec081f571906,初期沟通,2025-10-02T03:14:20Z
4c6f3deb11d0ccf134924b67bff42978,初期沟通,2025-10-02T03:14:20Z
7d730c5e44168341b44bcbeef0e77dc1,初期沟通,2025-10-02T03:14:20Z
72d81f90b03af17f6de422d249b1f503,初期沟通,2025-10-02T03:14:20Z
16e9648580c696633616551092a11a5e,初期沟通,2025-10-02T03:14:20Z
5ea2604cc54f28b4aba2f1425757c72b,初期沟通,2025-10-02T03:14:20Z
0cb9cb24c58bb405a43bf567938153ea,初期沟通,2025-10-02T03:14:20Z
f503bffafd62a07157767937d0447f1d,初期沟通,2025-10-02T03:14:20Z
157e30ba390e17aa0ebb57f6458476e4,初期沟通,2025-10-02T03:14:20Z
0dd88dd12888bb8262db8cc896529c48,初期沟通,2025-10-02T03:14:20Z
44ca55f5c9862337e97d00637db03ac3,初期沟通,2025-10-02T03:14:20Z
49768470903b8f9d917def31b564dd07,初期沟通,2025-10-02T03:14:20Z
3ff49f8aa874f32758bd1472642d07fe,初期沟通,2025-10-02T03:14:20Z
541cee94ee0bd836fc17605604e06148,初期沟通,2025-10-02T03:14:20Z
79022a720dee8b13e6e91ddd827ae377,初期沟通,2025-10-02T03:14:20Z
2a71b74c3ff6809053ea9e2948bf6ed7,初期沟通,2025-10-02T03:14:20Z
fa6ceef3381669045d136e72568bca75,初期沟通,2025-10-02T03:14:20Z
b7aec88be41cf18c2413e3c8e3be14bf,初期沟通,2025-10-02T03:14:20Z
6b45b83b58a92a5741323b0d73e9fe8f,初期沟通,2025-10-02T03:14:20Z
68196468bacd2f38660d936675a0a7ed,初期沟通,2025-10-02T03:14:20Z
6c0dad1ba061eb40ee9b1d2050b21474,初期沟通,2025-10-02T03:14:20Z
8813651f2a5ac303c91ca4c2fed794a7,初期沟通,2025-10-02T03:14:20Z
eee25e5db64627bd0d76da86fa372075,初期沟通,2025-10-02T03:14:20Z
eef232cd54d458f54c1a82e3f5195bdf,初期沟通,2025-10-02T03:14:20Z
900a2c003189e7d2b1334c4e4109a7a1,初期沟通,2025-10-02T03:14:20Z
67c0dd33773d253847e87b3f732655df,初期沟通,2025-10-02T03:14:20Z
0f07df5ed7ed1b7c1d0cac08d5e2146d,初期沟通,2025-10-02T03:14:20Z
f123135b59b821ff9f9760da31bc97b2,初期沟通,2025-10-02T03:14:20Z
b7f4584b4a5052fd132f7f7e7832a902,初期沟通,2025-10-02T03:14:20Z
ac58baad41f2421d206301b4be51b11d,初期沟通,2025-10-02T03:14:20Z
a8e969d5feff6e7da8f6ee34964ab42b,初期沟通,2025-10-02T03:14:20Z
76ccb35e07f39ef53aa93be30a9ea8b4,初期沟通,2025-10-02T03:14:20Z
907bf20421c6934ee7d5dd622b81fc92,初期沟通,2025-10-02T03:14:20Z
8b53ad5685c0791fc76a1895ccb153aa,初期沟通,2025-10-02T03:14:20Z
ff7360fbe9c058f891ec46ddcc9e6a69,初期沟通,2025-10-02T03:14:20Z
00be3c7c46b8de4b83bf20191a2cf7b9,初期沟通,2025-10-02T03:14:20Z
3038d3557dc2c578ac4362c3a19eac8d,初期沟通,2025-10-02T03:14:20Z
f659865ffc06538666f268a2a0d1687d,初期沟通,2025-10-02T03:14:20Z
6ea31bf60a22a24759b59b8c2ebce970,初期沟通,2025-10-02T03:14:20Z
d18bba958ec98fdd350e09012123af9c,初期沟通,2025-10-02T03:14:20Z
36766d24e3f3012ff85d5c52ba665bd6,初期沟通,2025-10-02T03:14:20Z
642fc4951c3b703a4fc9c5534a4d23e7,初期沟通,2025-10-02T03:14:20Z
9df6b4359f9029c772cdeb04b61f8250,初期沟通,2025-10-02T03:14:20Z
911abb290ffb6d9e0f42dfa0b25bd414,初期沟通,2025-10-02T03:14:20Z
be5ccacc0e73f69f4980719d49bdcc1e,初期沟通,2025-10-02T03:14:20Z
bf9d860f0a29e5e09592ab26df2f00de,初期沟通,2025-10-02T03:14:20Z
78db4cae54b504810976d4fd281a5700,初期沟通,2025-10-02T03:14:20Z
3713fd321d9e023fbc5dce86caa5b2b0,初期沟通,2025-10-02T03:14:20Z
d624ca2d185ace3a74d866cd6c6f1077,初期沟通,2025-10-02T03:14:20Z
e2a4bd6fe811de3c0850cea5c01cb307,初期沟通,2025-10-02T03:14:20Z
e7ba1e376f196401099ac8d195fc0d0d,初期沟通,2025-10-02T03:14:20Z
baef615a5d2b54f891c1dd0df7b90be2,初期沟通,2025-10-02T03:14:20Z
9cada1093fc37e88a192caab2a5a6bd0,初期沟通,2025-10-02T03:14:20Z
0d3fa074ddf7a7d6c4a2fdb8b161ab00,初期沟通,2025-10-02T03:14:20Z
ee954b331a707c4814716b2dcc261112,初期沟通,2025-10-02T03:14:20Z
6312450c1dbf3d733a2dad24f058a3ad,初期沟通,2025-10-02T03:14:20Z
60a20ba7decc6c334f8b3f4b2dab62d6,初期沟通,2025-10-02T03:14:20Z
4238fc1a386272d54a5a4b886c3d914f,初期沟通,2025-10-02T03:14:20Z
61a39b78f0c2bf45aabd12f8b999afa5,初期沟通,2025-10-02T03:14:20Z
4e0d83502716a731d51c0e080c7f64cc,合同签约,2025-10-02T03:14:20Z
a495863ece51997b6535b4e4954ee349,合同签约,2025-10-02T03:14:20Z
a495863ece51997b6535b4e4954ee349,初期沟通,2025-10-02T03:14:20Z
681ecbc5f07a741ac56fefeef89b0fdc,初期沟通,2025-10-02T03:14:20Z
755488fcf945302ac8c49548f1288502,初期沟通,2025-10-02T03:14:20Z
2bbe1ae27cbccbe44c1e91ed26438628,初期沟通,2025-10-02T03:14:20Z
7044c183e3d0c90d744d944d70baf2e0,初期沟通,2025-10-02T03:14:20Z
32c08035a54f9dd2a549b2f79c5144a8,初期沟通,2025-10-02T03:14:20Z
dc505a5d0cb032f696c1492adde082fc,初期沟通,2025-10-02T03:14:20Z
a35f3348868573e79e6bbeffe4b3ceb9,初期沟通,2025-10-02T03:14:20Z
f65bb7586c927cfd43efed1f89f3e20b,初期沟通,2025-10-02T03:14:20Z
5967e94acc189f307d70e2c8f0e3ec12,初期沟通,2025-10-02T03:14:20Z
dd1aea495067711c560c6a799b0e78ad,初期沟通,2025-10-02T03:14:20Z
ff7a82d0a57851b8946fa771ed6905fd,初期沟通,2025-10-02T03:14:20Z
4ceb7928c7d3ebc56dadeec47577816f,初期沟通,2025-10-02T03:14:20Z
f028641ddd1e11cf16c37b1b8fba9d48,初期沟通,2025-10-02T03:14:20Z
99da8023dc7267f08f681fa278e611f8,方案制定,2025-10-02T03:14:20Z
99da8023dc7267f08f681fa278e611f8,初期沟通,2025-10-02T03:14:20Z
da9e2fbbbfed63c1a216923bc0bd6852,初期沟通,2025-10-02T03:14:20Z
b2b3179ea8ba054114298d25a3cd4d4d,初期沟通,2025-10-02T03:14:20Z
8875d63b6d66796353a13f878590de62,初期沟通,2025-10-02T03:14:20Z
a1fbaa55dcbc3568d7a4a0450f54151c,初期沟通,2025-10-02T03:14:20Z
f6f769cec1f4fe4d2d0af884cd9b523d,初期沟通,2025-10-02T03:14:20Z
9b277938b5ddbd2359a05bccd71875a7,立项选型,2025-10-02T03:14:20Z
0a05728085b30614b9bef7b136f1d95c,初期沟通,2025-10-02T03:14:20Z
216d1dcdda193472aa1bf950db2e343e,初期沟通,2025-10-02T03:14:20Z
f55f05abf9c7e35c4bdac44366a535bd,初期沟通,2025-10-02T03:14:20Z
fc926486373149726501f7be0c838880,初期沟通,2025-10-02T03:14:20Z
d7304f15d995ca7c0ca1401731bb0f4c,初期沟通,2025-10-02T03:14:20Z
9fc6ed7519edc120621fa45c7a9d9224,初期沟通,2025-10-02T03:14:20Z
dbdf33ac79d4edac435f52715edf0c75,初期沟通,2025-10-02T03:14:20Z
8fdcab49ca7739f7fff4ab9c6f7e2850,初期沟通,2025-10-02T03:14:20Z
e10b79ec5b9c5eb29b1422e93274f17e,初期沟通,2025-10-02T03:14:20Z
e2d4b7ad70495422b4e0d386707626ab,初期沟通,2025-10-02T03:14:20Z
fdb40cf7aea91d5b74b2e24c6fb1e026,初期沟通,2025-10-02T03:14:20Z
3e6a133c3b27760d7cd49b14cec75ff7,初期沟通,2025-10-02T03:14:20Z
fd859935a69a6b06eed2292fa19a581b,初期沟通,2025-10-02T03:14:20Z
0c40002334fca80660157f43c929b144,初期沟通,2025-10-02T03:14:20Z
c4266662ceb8b43310989707fc996c68,初期沟通,2025-10-02T03:14:20Z
a535f34a7a53a78de7a5c4e421a62193,初期沟通,2025-10-02T03:14:20Z
074f2eebbaa9bce4f5bb8185d8fa1a5f,初期沟通,2025-10-02T03:14:20Z
6addce6b4663181ce63c4f1cd8950ae6,初期沟通,2025-10-02T03:14:20Z
2e30892cacfb9be2a3881fb9cdb9af83,初期沟通,2025-10-02T03:14:20Z
d118e7d13e98e71633ccf63e81577262,初期沟通,2025-10-02T03:14:20Z
35a56e86b2aaf3a3c2e590caf03f9d1b,初期沟通,2025-10-02T03:14:20Z
e1661ae5383a967f6dfbdd8ba1c0b407,初期沟通,2025-10-02T03:14:20Z
782938e08a67d948c4a16ed24793b533,初期沟通,2025-10-02T03:14:20Z
49517b28f22a2c1e4baefc68f48aa2d4,初期沟通,2025-10-02T03:14:20Z
44e4cdc8226935389c91e83713f0734b,初期沟通,2025-10-02T03:14:20Z
67cd89f135c566be2d1ba002ff21b7c2,初期沟通,2025-10-02T03:14:20Z
c6ce89d042b09f28f7b37249fb651ab1,初期沟通,2025-10-02T03:14:20Z
6b576cb054ec7bae5cf2e9e56ff1cf9e,初期沟通,2025-10-02T03:14:20Z
4b41528677eeb891ce2064cd352e575e,初期沟通,2025-10-02T03:14:20Z
b760dca95c26b4d5a167fd5344bc6918,初期沟通,2025-10-02T03:14:20Z
fdac5e2352c714de8ae6c0469a30dbad,初期沟通,2025-10-02T03:14:20Z
d470c1005df24942936f007ffc123fec,初期沟通,2025-10-02T03:14:20Z
3e3714a127a08fb6969ba2c054b8ed5c,初期沟通,2025-10-02T03:14:20Z
980f296734d22e00e7e60d549116f056,初期沟通,2025-10-02T03:14:20Z
7b695b0836559d232ff64068d715f95c,初期沟通,2025-10-02T03:14:20Z
5c4afd7ae3197aaea0a259ebd7d534c6,初期沟通,2025-10-02T03:14:20Z
b179eea28c221a347c8192a27e076dae,初期沟通,2025-10-02T03:14:20Z
975de138ecdb6dc052c89c6f78ed9e58,初期沟通,2025-10-02T03:14:20Z
0683736e0c3cf36e8c9c0edfef56875b,初期沟通,2025-10-02T03:14:20Z
b769b91bf840730a04a01ffa6ce53d97,初期沟通,2025-10-02T03:14:20Z
44e738d0c54e39d2ac60065d58662157,初期沟通,2025-10-02T03:14:20Z
44e738d0c54e39d2ac60065d58662157,方案制定,2025-10-02T03:14:20Z
cf102d38b884776d2399847c1591ecd4,初期沟通,2025-10-02T03:14:20Z
c968069ded20f4938afcf8b317b8853e,初期沟通,2025-10-02T03:14:20Z
ebe070513b2a32f104ae8f013eee1235,初期沟通,2025-10-02T03:14:20Z
d4eba592c94e8d9ba42c38ac0ef368f6,初期沟通,2025-10-02T03:14:20Z
b3ea6e4577ace2ddc3eb85f3a2df4fd6,初期沟通,2025-10-02T03:14:20Z
3b5ae809038ea4e65f62adb4d94259c2,初期沟通,2025-10-02T03:14:20Z
57d09dd331882d91985250a876d9dec3,初期沟通,2025-10-02T03:14:20Z
41357afe623d7948170ec634178be00b,初期沟通,2025-10-02T03:14:20Z
1d01f2fe711c0c9dec6273a960b6b81d,初期沟通,2025-10-02T03:14:20Z
0fe42896cbe86fa6262fd6abe6a63e0c,初期沟通,2025-10-02T03:14:20Z
21993b64bff723db0d2e66c34a6a8502,初期沟通,2025-10-02T03:14:20Z
1c9ecf2e8322c85cea890be19b0f3b3c,初期沟通,2025-10-02T03:14:20Z
bc86af8c7aca164948cb8e0fc52471c4,初期沟通,2025-10-02T03:14:20Z
ed64f062beb1d6f7de9ebe9cae5071ef,初期沟通,2025-10-02T03:14:20Z
cd12e7648df239194fa4eca5b4d24c09,初期沟通,2025-10-02T03:14:20Z
67899f9bb49558564ef765dec9a3833b,初期沟通,2025-10-02T03:14:20Z
d6355af19f72a8449e82b5c3833aa40f,初期沟通,2025-10-02T03:14:20Z
37a8ec82b978221e411e875fca576292,初期沟通,2025-10-02T03:14:20Z
5604f250dc4c2331c20cf853f261c5a9,初期沟通,2025-10-02T03:14:20Z
70403f978ad992499a685b545c66fa4d,初期沟通,2025-10-02T03:14:20Z
f0c8bae9fa4361926bf629833656253a,初期沟通,2025-10-02T03:14:20Z
7df6957e0f35a29552160fd13f18a5d0,初期沟通,2025-10-02T03:14:20Z
5b1ab362d94311cbd4b2f312e103dbe9,初期沟通,2025-10-02T03:14:20Z
931c9d4a6f659f7f0173eeecd799270c,立项选型,2025-10-02T03:14:20Z
03ebcc823be1c15ea3ca2c28fc4e82fa,初期沟通,2025-10-02T03:14:20Z
b4259097ac0a66abe1b6de1f27860d15,初期沟通,2025-10-02T03:14:20Z
8acdd9ec783db0ce4604035524f1a63a,初期沟通,2025-10-02T03:14:20Z
2a2aabfe99336b6f861978c6ebf25216,初期沟通,2025-10-02T03:14:20Z
56897ba36ddf0d3d7e3c57ce60cba230,初期沟通,2025-10-02T03:14:20Z
917e1d20c57a1a91bf0ce7d96a57eae2,初期沟通,2025-10-02T03:14:20Z
1a115e0c2449d30e7679adbd8e158e0f,初期沟通,2025-10-02T03:14:20Z
8d05d12ea2ab72666ed8d037ac0e7462,初期沟通,2025-10-02T03:14:20Z
1f3f1a92778cc7473177062d7ecd5b86,初期沟通,2025-10-02T03:14:20Z
533a098a59c37b34ca054c74e754e231,初期沟通,2025-10-02T03:14:20Z
959ddc95db4bd829744354f71cc89095,初期沟通,2025-10-02T03:14:20Z
b390f4bd8c44e431d657e44c4256ac72,初期沟通,2025-10-02T03:14:20Z
86c7796094ca3e0f025b7a45decd8dd5,初期沟通,2025-10-02T03:14:20Z
2f80af668c707b6ce6df195e1d6aa609,初期沟通,2025-10-02T03:14:20Z
3fd3d9a6a30c2a7bbb211550d6462658,初期沟通,2025-10-02T03:14:20Z
264e4daa33ecb16f5fa0de25993f2d4c,初期沟通,2025-10-02T03:14:20Z
ff9bf1989e1ddfdd5ac20b93bb3163a5,初期沟通,2025-10-02T03:14:20Z
1f8f80785ec05011a66a9223a5003bb0,初期沟通,2025-10-02T03:14:20Z
9f80acf5ab19c823d6fc68a57ae869a0,初期沟通,2025-10-02T03:14:20Z
5f8e95a373693d5194bbd760dcff8e8b,初期沟通,2025-10-02T03:14:20Z
5f8e95a373693d5194bbd760dcff8e8b,询价/投标,2025-10-02T03:14:20Z
7a3b0c82e13a87233c0acfee51b0373e,初期沟通,2025-10-02T03:14:20Z
5d7b1405a5cd55b5b49c9b08d5022aab,初期沟通,2025-10-02T03:14:20Z
d2547e85387cbfa00f97db5a309d3735,初期沟通,2025-10-02T03:14:20Z
1b56536f0f6713eb2af36203efa6bce8,初期沟通,2025-10-02T03:14:20Z
7d2132de3b40abb3695bc4827df69354,初期沟通,2025-10-02T03:14:20Z
6f56f121cfdf84009ebb4393124b8f3a,初期沟通,2025-10-02T03:14:20Z
937a2630ee835f943f7f0a1914b6a223,初期沟通,2025-10-02T03:14:20Z
11f3810801ca8c13e4653c90def09118,初期沟通,2025-10-02T03:14:20Z
42a30e56d1847e32727e79940d7b6fe0,初期沟通,2025-10-02T03:14:20Z
b15dac4938ad32a1b1069c8db4e7605d,初期沟通,2025-10-02T03:14:20Z
28cbc42ccbe89c7bf621e3c076479013,初期沟通,2025-10-02T03:14:20Z
dafeddcb3f2a075c30e8d47ba737a30c,初期沟通,2025-10-02T03:14:20Z
3538fc69b4d84f76187f68569ebcd350,初期沟通,2025-10-02T03:14:20Z
be32d580c059064854c1bd7be55a472d,初期沟通,2025-10-02T03:14:20Z
1527245a51b8867e09d78c713a55548a,初期沟通,2025-10-02T03:14:20Z
763c2f763d5399485eaa8ca8203639f0,初期沟通,2025-10-02T03:14:20Z
883a270c80f7fdaa7bf142ff8d701cd3,初期沟通,2025-10-02T03:14:20Z
1285b613d1436190e3577daf33fac0bd,初期沟通,2025-10-02T03:14:20Z
3cf804d8d718066dbb3b7d24bc2324c2,初期沟通,2025-10-02T03:14:20Z
48c3422f04552e32274dde6e16f7de6d,初期沟通,2025-10-02T03:14:20Z
e09ff2cdd5e763bccd8411742f90d291,初期沟通,2025-10-02T03:14:20Z
721bbf7bd3544723f8c9b49369eba839,初期沟通,2025-10-02T03:14:20Z
721bbf7bd3544723f8c9b49369eba839,方案制定,2025-10-02T03:14:20Z
7b95bf9e7fe4ef312bcf211bfce9c2e7,初期沟通,2025-10-02T03:14:20Z
ea0e9cd9c039313ed2e0c0df548a27b2,初期沟通,2025-10-02T03:14:20Z
e42fcf7a887ba1cae805dae3cc7b0dc8,初期沟通,2025-10-02T03:14:20Z
5a5f46b2da2d014f52f070ad1e18a086,初期沟通,2025-10-02T03:14:20Z
919b7aed99b3ab5f67d90a16766ee44a,初期沟通,2025-10-02T03:14:20Z
340449c3b52f18b096d680b04ccc6a6e,初期沟通,2025-10-02T03:14:20Z
b76c26a9b6e3eb12b15befea13511639,初期沟通,2025-10-02T03:14:20Z
b3ef09f4e32462d5f4b1701075f57054,初期沟通,2025-10-02T03:14:20Z
4710dafaa8ac98e69df954f9e278c06b,初期沟通,2025-10-02T03:14:20Z
4710dafaa8ac98e69df954f9e278c06b,询价/投标,2025-10-02T03:14:20Z
ff11c75a2d118c03ccb8b85fe1539568,方案制定,2025-10-02T03:14:20Z
ff11c75a2d118c03ccb8b85fe1539568,初期沟通,2025-10-02T03:14:20Z
5a044cd2167521961ee3e45fd2039674,初期沟通,2025-10-02T03:14:20Z
fc5305da86dac800244d246a15e260a0,初期沟通,2025-10-02T03:14:20Z
49655bda9d2b5baab9e0f4701c024843,初期沟通,2025-10-02T03:14:20Z
b4a0cb9e691a8096f5c57a79ddebb0fa,初期沟通,2025-10-02T03:14:20Z
ebfab3593ff9b722d293eebb78673abd,初期沟通,2025-10-02T03:14:20Z
ece3fe2f3a688598d158e4d5c6550412,初期沟通,2025-10-02T03:14:20Z
18cbfb9274dcd596556728f9777724fe,初期沟通,2025-10-02T03:14:20Z
a5bec2fffb6c9ccc49f2c8f34c5af176,初期沟通,2025-10-02T03:14:20Z
2cc601ca6ecda3cc1c9658d45519442e,初期沟通,2025-10-02T03:14:20Z
64e76564fa5309365ffc503cba7f33b1,初期沟通,2025-10-02T03:14:20Z
d4b24bb724ade87fb9c76f2fff58cbf0,初期沟通,2025-10-02T03:14:20Z
c741a33ab2be5ac963b44f69663a80bf,初期沟通,2025-10-02T03:14:20Z
0ec8fcc65491dd48e30af4b2661e2e36,初期沟通,2025-10-02T03:14:20Z
ee66d38e4492a8b1211b4c91fcc81ba2,初期沟通,2025-10-02T03:14:20Z
51f5605708ffd0e12d82ef282b1c4196,初期沟通,2025-10-02T03:14:20Z
ed96491553c7c9a52371136504cdffb0,初期沟通,2025-10-02T03:14:20Z
e8a447d4340349890f992138417f3e5a,初期沟通,2025-10-02T03:14:20Z
afe2a05cbff9c1f0a6045ca5810854cb,初期沟通,2025-10-02T03:14:20Z
61d3cc28ff6aa41ec4d6f29c35d94c49,初期沟通,2025-10-02T03:14:20Z
069276a3531239d05abceef4c0f8da06,初期沟通,2025-10-02T03:14:20Z
27277e9c52a251c6777ade54a4674dfc,初期沟通,2025-10-02T03:14:20Z
c5a9da1b6fade124fd0ae19fc290b4b1,初期沟通,2025-10-02T03:14:20Z
0091c44a1d7e65034be09cd1e524bf40,初期沟通,2025-10-02T03:14:20Z
b2d47d4cb988199b6c432d4f38c33e62,合同签约,2025-10-02T03:14:20Z
b2d47d4cb988199b6c432d4f38c33e62,初期沟通,2025-10-02T03:14:20Z
b24fa1584c0ce505d907bfe1401e6034,初期沟通,2025-10-02T03:14:20Z
b24fa1584c0ce505d907bfe1401e6034,方案制定,2025-10-02T03:14:20Z
0c2a6d53a0ec4233556aacb8b979fca3,初期沟通,2025-10-02T03:14:20Z
bb967da42e831fe34e8438d04771bae2,初期沟通,2025-10-02T03:14:20Z
9ea27f74aea000cb0df3694db9ed830f,初期沟通,2025-10-02T03:14:20Z
ffaff0e512c8ea2771b73b989588ad46,初期沟通,2025-10-02T03:14:20Z
ac321b2014de5a5c5ba5a3140c294187,初期沟通,2025-10-02T03:14:20Z
17b19bc005bb990c4de80e408ad4e114,初期沟通,2025-10-02T03:14:20Z
c51f670517bd24b8456bbbea0bb0ff66,初期沟通,2025-10-02T03:14:20Z
331296ce1ae0d6c6dc5e1d92fbc9c3c4,初期沟通,2025-10-02T03:14:20Z
c4dd1048f1497e60ad82309adcd626db,初期沟通,2025-10-02T03:14:20Z
96b9915cc6fa4c35de48c80f6c45df3e,初期沟通,2025-10-02T03:14:20Z
8dc151156fefef01025e053151e6df3f,初期沟通,2025-10-02T03:14:20Z
8d77f92478e016f7691b83f2a138d5e9,初期沟通,2025-10-02T03:14:20Z
5d55e6a9a3026089c448beb16da13044,初期沟通,2025-10-02T03:14:20Z
ae30d3ec70e0e13ca0f199131c14414a,询价/投标,2025-10-02T03:14:20Z
c91874c12ddb6f620e0a308726389b76,初期沟通,2025-10-02T03:14:20Z
7015f979317e5f44cbc53915f943a3f2,初期沟通,2025-10-02T03:14:20Z
12735e89a9f324f95bc9c56f989b5ebd,初期沟通,2025-10-02T03:14:20Z
35b716721dff5910cd104abf5d69d8a0,初期沟通,2025-10-02T03:14:20Z
a66795e189537cd3575eb52c13546108,初期沟通,2025-10-02T03:14:20Z
e4d3eafa8e562926b0962108d1238b16,初期沟通,2025-10-02T03:14:20Z
528c78b49702cb5ee593ff49613473bc,初期沟通,2025-10-02T03:14:20Z
64b4e6ab9b456c9a2c454421b4a53a32,初期沟通,2025-10-02T03:14:20Z
a4cc0418e0e6b350ccf511f52df416f6,初期沟通,2025-10-02T03:14:20Z
fb2b8efe741403ba43ed149d659c86d1,初期沟通,2025-10-02T03:14:20Z
c9b001bd98ff4fa7a3804c029f035cfc,初期沟通,2025-10-02T03:14:20Z
b3ce90f86ddfc6bd437adce728c13c5f,初期沟通,2025-10-02T03:14:20Z
3b527cc85dbda9182e86b664abf42a74,初期沟通,2025-10-02T03:14:20Z
09e29b238027bf6ffba38ada247e173f,初期沟通,2025-10-02T03:14:20Z
3bc135a2b1576aacc2e960049f0e4b85,初期沟通,2025-10-02T03:14:20Z
591629d19ab9c01b0c54ce99224bbcf9,初期沟通,2025-10-02T03:14:20Z
99657a741715704f04f8e17496550ea7,初期沟通,2025-10-02T03:14:20Z
1da2b67d78dcc60beb529bd340efc2c2,初期沟通,2025-10-02T03:14:20Z
42502770f80ccdede5ae861e10fbc2f2,初期沟通,2025-10-02T03:14:20Z
3161a65f590976226899f7dce683617b,初期沟通,2025-10-02T03:14:20Z
d439c2d8598797ba96988463961a52b8,初期沟通,2025-10-02T03:14:20Z
3e5f62db9b5919187c1707a421882da7,初期沟通,2025-10-02T03:14:20Z
425d20c709ac30f4d21fe919194e0810,合同签约,2025-10-02T03:14:20Z
425d20c709ac30f4d21fe919194e0810,询价/投标,2025-10-02T03:14:20Z
425d20c709ac30f4d21fe919194e0810,初期沟通,2025-10-02T03:14:20Z
ab70ac8aaa87b9a083717fdcb20851cf,初期沟通,2025-10-02T03:14:20Z
62b33e0de63fd501681cb772fd402f49,初期沟通,2025-10-02T03:14:20Z
0e90c91c45b4316eb85a67143f8a759a,初期沟通,2025-10-02T03:14:20Z
e951c41e65850eee301bdac71d6fc68c,初期沟通,2025-10-02T03:14:20Z
1d834614daef4db74e3d09489ce61d48,初期沟通,2025-10-02T03:14:20Z
d42cf746b0377c99b69d793e5f7f20d8,初期沟通,2025-10-02T03:14:20Z
c56475d6ded73e989a80221ffe21c5c0,初期沟通,2025-10-02T03:14:20Z
280a4444ae6a1cf40124e377a0040ddc,初期沟通,2025-10-02T03:14:20Z
7576c6daa4291c89334eec58eae5f5b2,初期沟通,2025-10-02T03:14:20Z
78e1b173a1a6993917dae15151600727,初期沟通,2025-10-02T03:14:20Z
ce39d254072cf473e058fb890426cb96,初期沟通,2025-10-02T03:14:20Z
20f8a306ea84f71dd204eb8659f6ea9b,初期沟通,2025-10-02T03:14:20Z
5c36a665c177bce0bb2a96b39e87ace4,初期沟通,2025-10-02T03:14:20Z
8a06275618fdc909904970cede1eb291,初期沟通,2025-10-02T03:14:20Z
57f9684d104bcfac135acee756ee1bb7,初期沟通,2025-10-02T03:14:20Z
ef974fd3ee977476d8b387bf550ada66,初期沟通,2025-10-02T03:14:20Z
8f0768f53ee06314cb9608947da0533c,初期沟通,2025-10-02T03:14:20Z
1bde558de9037d2af6eb001abf5ecce8,初期沟通,2025-10-02T03:14:20Z
0451afa200eb1020ec68149cfc85aa4a,初期沟通,2025-10-02T03:14:20Z
c8f83193b85e4f35be897122f9916fbd,初期沟通,2025-10-02T03:14:20Z
ef435a850ec0d6e18b546945b05b4583,初期沟通,2025-10-02T03:14:20Z
4d28ff22ff8b57b8b4ce8a5780656d41,初期沟通,2025-10-02T03:14:20Z
300560e004af44a30d0b7d3136c4fc4a,初期沟通,2025-10-02T03:14:20Z
5c47510cdc0e5b217c15987d35eebd4b,初期沟通,2025-10-02T03:14:20Z
29949fcf4980f3d00c2eff6eb6db42ff,初期沟通,2025-10-02T03:14:20Z
b7a85c5944156947d68099b210b28d15,初期沟通,2025-10-02T03:14:20Z
ff4e13a9f857d95f28f193b195a95aa2,初期沟通,2025-10-02T03:14:20Z
4e9ed0f3a8d73de148f13ee68f5a8b39,初期沟通,2025-10-02T03:14:20Z
1819ebf80298a0a4770db7361d1fd01c,初期沟通,2025-10-02T03:14:20Z
2863ead8cf7a1daf16d03184e047a37d,初期沟通,2025-10-02T03:14:20Z
cf67877e737436184d9edb961bbca4c4,初期沟通,2025-10-02T03:14:20Z
ef6db919bb8588f787ec91dd511efe92,初期沟通,2025-10-02T03:14:20Z
318be4787680d104964cb9b4f947f777,初期沟通,2025-10-02T03:14:20Z
990682c8be8e771ec030f01935dc2750,初期沟通,2025-10-02T03:14:20Z
d8df4410aee40b0ed342eff7ee4589e1,初期沟通,2025-10-02T03:14:20Z
2125c6549cc214d29e19b9b354818256,初期沟通,2025-10-02T03:14:20Z
4a365531fa166868736109787864df38,初期沟通,2025-10-02T03:14:20Z
ba353671bc150e163b6bb9d78db11dbd,初期沟通,2025-10-02T03:14:20Z
245f9986ccec36afcbf7f064e4265c5d,初期沟通,2025-10-02T03:14:20Z
061eb548f88014d1aa05716e81a35bb3,初期沟通,2025-10-02T03:14:20Z
05cc2a074a36f6d199b4b9255b81259a,初期沟通,2025-10-02T03:14:20Z
6c37e092776ec03f223100da7be86f51,初期沟通,2025-10-02T03:14:20Z
6b1ea6d6b7e120ddf715121284d4f370,初期沟通,2025-10-02T03:14:20Z
f5f6434f4f8468bf6459b6ac560000d0,初期沟通,2025-10-02T03:14:20Z
72f2dbca2ffe7f688a2017a236c8ea98,初期沟通,2025-10-02T03:14:20Z
cbab7faca897b05a272c533a78a13806,初期沟通,2025-10-02T03:14:20Z
1e52656cb73485b506023ad60380c28b,初期沟通,2025-10-02T03:14:20Z
c1806773164018a4b7542f7698291b71,初期沟通,2025-10-02T03:14:20Z
78cfea3a499c5e8e2061aab592ce25f0,初期沟通,2025-10-02T03:14:20Z
b0bdbad154918b531dece9e81e9fb129,初期沟通,2025-10-02T03:14:20Z
d2fad8396d56ba4cd0f55b27b0288e60,初期沟通,2025-10-02T03:14:20Z
82c242e422c37d2a37349d3f3697b974,初期沟通,2025-10-02T03:14:20Z
31ab9474f87a9f4f0a3a38355c567bfc,初期沟通,2025-10-02T03:14:20Z
a452111f22a44cdb65f6a8891a44817b,初期沟通,2025-10-02T03:14:20Z
532b5be5d459577ad599c958a967fa13,初期沟通,2025-10-02T03:14:20Z
f3bf3176c37927449831c9a1a0528883,初期沟通,2025-10-02T03:14:20Z
f9c5f302e3149de0ec570332380e392c,初期沟通,2025-10-02T03:14:20Z
bd8f09204b1dbf261d1ec91798c1b657,初期沟通,2025-10-02T03:14:20Z
9ee96daedeea5f9be13a18ce80c5bf77,初期沟通,2025-10-02T03:14:20Z
1097913a05a6ec735c2fd04e865905fa,初期沟通,2025-10-02T03:14:20Z
d260d66072caaa562ba043cba222a670,初期沟通,2025-10-02T03:14:20Z
207f0cc9cf94edefe04aba662ba15b16,立项选型,2025-10-02T03:14:20Z
207f0cc9cf94edefe04aba662ba15b16,初期沟通,2025-10-02T03:14:20Z
55d52ca719fb9af6c6016478a66b743d,初期沟通,2025-10-02T03:14:20Z
d2e155c171eb7eaa02ceb2d3052494d3,初期沟通,2025-10-02T03:14:20Z
121af54caebebd83b65c777b92c3bab4,初期沟通,2025-10-02T03:14:20Z
121af54caebebd83b65c777b92c3bab4,询价/投标,2025-10-02T03:14:20Z
73c9e10edc5f91b30a8e7e1d4ed2eadf,初期沟通,2025-10-02T03:14:20Z
2a72ad144b2d8c990874ddba05e6228e,初期沟通,2025-10-02T03:14:20Z
e9cdd0658a5e3c61ebe543b72c508dc6,初期沟通,2025-10-02T03:14:20Z
2db7f16743ff04b90aadde22e0262f36,初期沟通,2025-10-02T03:14:20Z
604b8e3c25d64489d7eb0ac06833a942,初期沟通,2025-10-02T03:14:20Z
f729d9d0b53f7ecef83de1bdf73b2166,初期沟通,2025-10-02T03:14:20Z
2d61d0671c7b03557cd59b29912b1cdc,初期沟通,2025-10-02T03:14:20Z
e724d9ae069d5761e051cd2551b555e8,初期沟通,2025-10-02T03:14:20Z
79c7806398e9faf0b0232747bfcebcc5,初期沟通,2025-10-02T03:14:20Z
6b07faba73c10aacd478e7265db811a5,初期沟通,2025-10-02T03:14:20Z
e3e41bc23da1cacf965e2f5acce879ea,初期沟通,2025-10-02T03:14:20Z
dbb32f151539dd79a312591fe2cb5726,初期沟通,2025-10-02T03:14:20Z
7c303f61b995e20139a7b38d2383a1b8,初期沟通,2025-10-02T03:14:20Z
a7ce1eb09cf276f4e7d55639c39def9d,初期沟通,2025-10-02T03:14:20Z
590ce68d4dacd89b66fe0990fe01f031,初期沟通,2025-10-02T03:14:20Z
f0637da36cd04222d4951dd3d6341337,初期沟通,2025-10-02T03:14:20Z
