order_id,category,ingested_at
317d2cca83cf4573049c7f1c28f699f0,企业,2025-10-02T03:14:20Z
297175fe819e62fa637131a18c398422,涉密,2025-10-02T03:14:20Z
7197eae8d14b1ecc00602a3500c7079b,部队,2025-10-02T03:14:20Z
4ad6a96662a1c91e8c861214940dcc78,医疗,2025-10-02T03:14:20Z
19a94c9081a3c339fea90d976838f79d,部队,2025-10-02T03:14:20Z
f2f5f571542a9c68d5f682a61f1d4b79,部队,2025-10-02T03:14:20Z
0e2dd575ac47ddb3c4701a735288156e,部队,2025-10-02T03:14:20Z
a26d1efd8226648701e1aa2ca99fb0e8,企业,2025-10-02T03:14:20Z
ffc995008cf659d8235e4dc43d50b398,企业,2025-10-02T03:14:20Z
0e9049249015233d91d1442f55a40ada,能源,2025-10-02T03:14:20Z
bb169834314eae745afdc3ec940965b2,企业,2025-10-02T03:14:20Z
d47f729b8a90adadbd1adad8e075d268,企业,2025-10-02T03:14:20Z
6d9b4a107ebd0a853335522c466b1dbc,企业,2025-10-02T03:14:20Z
d0497980259e09d36baa515d780411d5,企业,2025-10-02T03:14:20Z
c343636d08b78a8409bb0d82710c0002,企业,2025-10-02T03:14:20Z
48d5e8300341e7c9b13302d122ae3442,企业,2025-10-02T03:14:20Z
8d12d138883bba1c0b9af770ea2d7a50,企业,2025-10-02T03:14:20Z
2be0bb797ac790ffcbf6a1d376c4b2e6,企业,2025-10-02T03:14:20Z
348fbe876a7a00913fbcf9ce06a67f84,企业,2025-10-02T03:14:20Z
4ba62d85a04b42c9b6530baa6c80fb7f,政府,2025-10-02T03:14:20Z
5adfe1f69ab57fbe9775bb9e8a502a96,企业,2025-10-02T03:14:20Z
59976c2d4bd224810f2f543510d533c0,企业,2025-10-02T03:14:20Z
5b0edf285641942dbb7a32470acb5e61,企业,2025-10-02T03:14:20Z
de2e33a5dba0b543aa37d55451434a6a,企业,2025-10-02T03:14:20Z
d2ee4cb04c8a3355d1991a10f0098c0a,企业,2025-10-02T03:14:20Z
6a6cdaa904df1b6259baa360524059bb,企业,2025-10-02T03:14:20Z
cfe44d1b5bdf4ab748e20220bcf0c760,企业,2025-10-02T03:14:20Z
6382c8d34183eb74c8c922ed7b1bb807,能源,2025-10-02T03:14:20Z
f72a36d6ec44d476b5af6849023352f5,政府,2025-10-02T03:14:20Z
23c1234c4aed423b606d2d6d1b018afd,政府,2025-10-02T03:14:20Z
c1c01202a53bda3f7ad0ef7a6cfd2ba4,公检法,2025-10-02T03:14:20Z
4cfed87ea6a07bb292cf63c013fd8929,政府,2025-10-02T03:14:20Z
b50fdaf4b6ff5d053613d278f8417233,政府,2025-10-02T03:14:20Z
f58ef7d7d02665d333e9db0362b248fe,政府,2025-10-02T03:14:20Z
3531c07244e11f2f73f93f4782f96937,政府,2025-10-02T03:14:20Z
b0aeda407262ae5833691584993882a3,企业,2025-10-02T03:14:20Z
8343c2f8ae550f9885d30d606c8c91be,企业,2025-10-02T03:14:20Z
5e50aa3dc095853901a1a18063116fe3,教育,2025-10-02T03:14:20Z
0cdf6efb9c5ffbb54a92d454c492f594,政府,2025-10-02T03:14:20Z
feba085a7c886506938cdeefa4578dcb,企业,2025-10-02T03:14:20Z
a4e26dfcb338547b06bc3ae15ca17993,企业,2025-10-02T03:14:20Z
c1fcd2d7f5eeac274032201f99ae5ae5,政府,2025-10-02T03:14:20Z
43931ac31c81ac9ba98f10e5a8d8f3d7,政府,2025-10-02T03:14:20Z
de82ff0c96e5fb08b0d4ecce0c541fed,企业,2025-10-02T03:14:20Z
de82ff0c96e5fb08b0d4ecce0c541fed,能源,2025-10-02T03:14:20Z
6fd0c5112eba8d68fbfe1c7252ba8092,政府,2025-10-02T03:14:20Z
d69d884b4d5c3ff87a2db3452f1f05b3,企业,2025-10-02T03:14:20Z
5767ca65822175e907640a2a2ad680fd,政府,2025-10-02T03:14:20Z
b9f5c363a7ac2a814da0059a9b6763c1,政府,2025-10-02T03:14:20Z
0759cbd05e5f24dcb1d5a6ad441a2328,企业,2025-10-02T03:14:20Z
fc7ca249cb9c58ce88d291ce2a8c9734,企业,2025-10-02T03:14:20Z
6622c09d8d435c5da1b4d7d9d9e1f6ac,政府,2025-10-02T03:14:20Z
6622c09d8d435c5da1b4d7d9d9e1f6ac,企业,2025-10-02T03:14:20Z
72d4a904f794dd2e6cc0528a371a6c58,政府,2025-10-02T03:14:20Z
8129769130fbd9668220b8652a0db0dd,袁吉香,2025-10-02T03:14:20Z
1828edf189cac3391d8312b2772ddeee,军工,2025-10-02T03:14:20Z
b9aa4e91b5ad88c84c106794c52297fb,医疗,2025-10-02T03:14:20Z
b3f4ef7dde65d7e3c493261a0012943a,政府,2025-10-02T03:14:20Z
8a8f777c10780af6365d72833aa27ea6,政府,2025-10-02T03:14:20Z
58e8cc630de48030444841b542271b5e,政府,2025-10-02T03:14:20Z
603e77b906d9f1f52d68a088329bde2c,企业,2025-10-02T03:14:20Z
681715834d1ed9a92e0d9adebe7e8cdc,企业,2025-10-02T03:14:20Z
ca2f77ede1a0d2846ddc49ade6afb05f,教育,2025-10-02T03:14:20Z
bedcc331082c6b5b7262a11d98a77e78,企业,2025-10-02T03:14:20Z
742378c44009097080e520a0b1e3b4c9,政府,2025-10-02T03:14:20Z
60986aa9f032b7b60b90568a1235813a,企业,2025-10-02T03:14:20Z
6fe4293b52f96b09fa18eb20890f9a59,能源,2025-10-02T03:14:20Z
1b4ea2f63bcfc07b2402498418d22c19,企业,2025-10-02T03:14:20Z
b503aef3b487cd09ed55f6cd99ad8929,能源,2025-10-02T03:14:20Z
fb259df49bb59f6a608b0c976fbf1211,企业,2025-10-02T03:14:20Z
6cfb294e628720de3028775fdedf6a3c,企业,2025-10-02T03:14:20Z
452cd4eb743f1dd0425a4d1ddcc368c1,企业,2025-10-02T03:14:20Z
35d50279729412fe6bb2932a813b05e5,政府,2025-10-02T03:14:20Z
91a02dc11aafd2319eb64afc3ebb126b,政府,2025-10-02T03:14:20Z
b67729673688cba2aa1667fbf10a4a86,政府,2025-10-02T03:14:20Z
3fda6f056df54baa1cf08b80854b3c21,政府,2025-10-02T03:14:20Z
db0a6f3a87107adf00e9d0e258b698b0,政府,2025-10-02T03:14:20Z
2f278490cb7a15d263803f2a278ac12d,企业,2025-10-02T03:14:20Z
f6d6018d556323f1abb29744253424a5,企业,2025-10-02T03:14:20Z
fff496356a1c91873c0b6d9b3138ec29,企业,2025-10-02T03:14:20Z
7694345d273b870dbf585852ab8cdc24,行业,2025-10-02T03:14:20Z
a4541f32b8f141b9ce51aac67ad822d5,能源,2025-10-02T03:14:20Z
46395d4b9d9db93e42f8a05018a26ed9,企业,2025-10-02T03:14:20Z
27ea39bbd68bcea45231348b1fbebae5,政府,2025-10-02T03:14:20Z
771aba5cbb6114b6da5ba693ff2be421,企业,2025-10-02T03:14:20Z
377aebd4d9ed53c0f657c176c9d38e49,企业,2025-10-02T03:14:20Z
ec4d7e38331e81a0c6a2e3d8ade9da19,企业,2025-10-02T03:14:20Z
f461f88591145d7d12c42ddd47a363ab,企业,2025-10-02T03:14:20Z
74fbb320db42f488ed5ab5101fc47c7e,企业,2025-10-02T03:14:20Z
d4857d287a2b888d65afb061924189b7,企业,2025-10-02T03:14:20Z
a7025f6f6a88cf14fab80414aaed929b,企业,2025-10-02T03:14:20Z
f4a1d7f042c2568d532d9cb389593873,企业,2025-10-02T03:14:20Z
40521d15aceaba7f4d684fbf2a576247,医疗,2025-10-02T03:14:20Z
a7a9da92984c24733ca51de62905cfa4,教育,2025-10-02T03:14:20Z
a14af69d2237783c482b6b89a91bc43a,企业,2025-10-02T03:14:20Z
b1ac69738bf0cb19dbce9afa96853a45,房地产,2025-10-02T03:14:20Z
2aced027522fef3b857fa1d569a4287d,政府,2025-10-02T03:14:20Z
915b65cc500ed8d10d41648c92a95bfe,企业,2025-10-02T03:14:20Z
7af2229b6f0aa717f226e21013d82af9,政府,2025-10-02T03:14:20Z
8088e4c00a8f579f6d93e0fc3fd38a5d,教育,2025-10-02T03:14:20Z
2f8c88aa095402ab6c6bef0acc33cb01,医疗,2025-10-02T03:14:20Z
9893ce8a7d9112f4956f9856cb519092,教育,2025-10-02T03:14:20Z
d2013b004b3a5e4524887082832007ba,企业,2025-10-02T03:14:20Z
24267df11b00db3987ba2eac940b2081,企业,2025-10-02T03:14:20Z
bc2c941a318a8b73c23fd7c71737e728,教育,2025-10-02T03:14:20Z
a4597000dc6fa0ff1bf4ce00ea3aac4c,企业,2025-10-02T03:14:20Z
719ff915cf31589ebb483a16f527dd2b,政府,2025-10-02T03:14:20Z
80eb5fe7c98d9a1b7019bd94e4bc33d2,企业,2025-10-02T03:14:20Z
785b9ef7477f3142cf655ffce07262b2,企业,2025-10-02T03:14:20Z
28bda00821430c5601c49e796b41ed01,企业,2025-10-02T03:14:20Z
7e495344460b7eed2f15bd0480c71fea,企业,2025-10-02T03:14:20Z
5ac9d8fd317dd385a2aeba863219e8b4,企业,2025-10-02T03:14:20Z
e234f778521048aeaf116fe2eda6ce9b,金融,2025-10-02T03:14:20Z
b92cc6eef607f146edb991023f60b136,医疗,2025-10-02T03:14:20Z
77037189024844f7fa7a593b19bf0bb4,企业,2025-10-02T03:14:20Z
687f7f663c460d05c339080efa103f31,企业,2025-10-02T03:14:20Z
6110f85b52cef63bbd0d556f968ff30f,企业,2025-10-02T03:14:20Z
635dce7b58c832a6bef407e13939c217,企业,2025-10-02T03:14:20Z
1790f6d6b4e24317c8b6e93763133ba6,企业,2025-10-02T03:14:20Z
88d325c66747458829a622a9516e2d72,能源,2025-10-02T03:14:20Z
ad831403c04884ff05f50de8e06a53fe,企业,2025-10-02T03:14:20Z
ed8e9eb275574294fd4d73526ff473d1,企业,2025-10-02T03:14:20Z
a5df39b72e62d37726e37a35b5cc1501,企业,2025-10-02T03:14:20Z
f4cb6fac4758a8535ca9cae22e133742,企业,2025-10-02T03:14:20Z
1542bf4046522bfb75aa64c3f6cc03d0,企业,2025-10-02T03:14:20Z
bdb630eb4ac35bdfe6576a649d4727b3,企业,2025-10-02T03:14:20Z
82e0e7750c1739bd4567669e9c2dee67,教育,2025-10-02T03:14:20Z
c64d6d4224c9cf30b80a426e96e510ea,企业,2025-10-02T03:14:20Z
691940340d9bbacdd5acaa7bba9c5061,企业,2025-10-02T03:14:20Z
236496fe312fe8040608de09a40be41b,企业,2025-10-02T03:14:20Z
0f9f6688db67c00891a8f51ab319bc03,能源,2025-10-02T03:14:20Z
8c613c0508e21e40557797e8c18dfc4e,能源,2025-10-02T03:14:20Z
c811a6310a82403b258867758f7fbe81,企业,2025-10-02T03:14:20Z
b122b989a7c807374296456d2b0608de,政府,2025-10-02T03:14:20Z
cc537bda928f644529f2161317ca85a3,公检法,2025-10-02T03:14:20Z
5ce35f147f2443ae20fe77958483a9a2,政府,2025-10-02T03:14:20Z
5e118df1f7c6ab4e3add211e5003c731,医疗,2025-10-02T03:14:20Z
222837e06d581b9895b82d2ac0b5ad75,企业,2025-10-02T03:14:20Z
710802aafc925963cb1ded2d74bc8532,教育,2025-10-02T03:14:20Z
5bb2b89046a0fa7a6516195209fa04d5,企业,2025-10-02T03:14:20Z
630f05caeba1efec7d7c0fa39df2b9dd,企业,2025-10-02T03:14:20Z
80d159f8eb862426986acf8a5c0a2464,企业,2025-10-02T03:14:20Z
9236aa0d718d11b406a2665be95dd1c9,企业,2025-10-02T03:14:20Z
5caeb9d41ff7f524c7e885675c8d5708,企业,2025-10-02T03:14:20Z
ae069226d0a4c187481cefa161f36609,企业,2025-10-02T03:14:20Z
79859d4ad758e18e23c92b2dc3641877,企业,2025-10-02T03:14:20Z
7b763df2ba63428d8f31f8c2d78db2a9,金融,2025-10-02T03:14:20Z
f1b4c40ddd1ec00f4bbf5b86a45d7316,企业,2025-10-02T03:14:20Z
767c1956e402379f15aeefad7b9612fa,教育,2025-10-02T03:14:20Z
a98de37de8b79ba685ec4be1e3b4e816,企业,2025-10-02T03:14:20Z
3eb2e253751fa418fb0b904781697937,教育,2025-10-02T03:14:20Z
f273aca724859c52a9e15613c35d0be4,企业,2025-10-02T03:14:20Z
e5f1b29716e915ef22f25972e0b20b03,企业,2025-10-02T03:14:20Z
e854b58ea90202e018f5f488ca4f0aa8,企业,2025-10-02T03:14:20Z
e854b58ea90202e018f5f488ca4f0aa8,金融,2025-10-02T03:14:20Z
75bb04884f9f299e03097313ba498f18,企业,2025-10-02T03:14:20Z
3fc06a46940e873deb285e09c8eb3655,企业,2025-10-02T03:14:20Z
1447ef9a2e815c2506b5243c7935fb2d,能源,2025-10-02T03:14:20Z
43d8d6cbc91f85faea655f153ceb7abd,企业,2025-10-02T03:14:20Z
37a8892acedd4601a40e3cac74da1e03,政府,2025-10-02T03:14:20Z
9cabc7359271151bfd626782f4780a05,企业,2025-10-02T03:14:20Z
3fcdf21fdf401814b018d8861c56c4aa,企业,2025-10-02T03:14:20Z
f2e86e7184f9e315c911eacfafa14a85,企业,2025-10-02T03:14:20Z
380a81ec830dc34720f1484016f83ae0,企业,2025-10-02T03:14:20Z
2b932af6081fe4d1774263770eec3e4c,企业,2025-10-02T03:14:20Z
cb98418a5850b0ee2c6dbd41b56ad7a0,政府,2025-10-02T03:14:20Z
6f6860f8318b1dd71e71ca312ba6334c,医疗,2025-10-02T03:14:20Z
d46288c14bc4fd1dcbab76fdfd06484a,政府,2025-10-02T03:14:20Z
378aef562f228370fa68c4d7c344c2a4,政府,2025-10-02T03:14:20Z
86e059d3fb29d195b83bc376155ff9d0,企业,2025-10-02T03:14:20Z
267b67fb1139c98c20697f7bb62e1af6,企业,2025-10-02T03:14:20Z
2cfefee757b869fad9bb09dbf4337a04,能源,2025-10-02T03:14:20Z
9a7a16933432a582bb58f2cb4da92ed1,公检法,2025-10-02T03:14:20Z
39be7c796a6c8d3e56a6315d3d5a4f83,政府,2025-10-02T03:14:20Z
62dd563686080ca37e3f2134f86a3064,公检法,2025-10-02T03:14:20Z
03ddcb840de545263ca8a95dc70393f2,企业,2025-10-02T03:14:20Z
d4e1c72ffc37f4b570a032d948ffdc4c,金融,2025-10-02T03:14:20Z
d66458ac9ba3ddc6fb3d60334cc388be,企业,2025-10-02T03:14:20Z
5f859cdcccc84d57160890f686ecc821,企业,2025-10-02T03:14:20Z
cf81d8ebace644d78b6cbdd8b38acd2d,能源,2025-10-02T03:14:20Z
443295ae79acff0ece3a4132db869132,企业,2025-10-02T03:14:20Z
9a22b95d31b8f5e2a03fdfb3f53aad17,政府,2025-10-02T03:14:20Z
6e029a858e1a57b8981f622424f2aadd,交通,2025-10-02T03:14:20Z
6e029a858e1a57b8981f622424f2aadd,铁路,2025-10-02T03:14:20Z
6e029a858e1a57b8981f622424f2aadd,企业,2025-10-02T03:14:20Z
74a1fc2ae420d781ccc24e3db51580e6,企业,2025-10-02T03:14:20Z
b1083b37c871969fb293ced78dea9649,能源,2025-10-02T03:14:20Z
abfe497b1d8458b66e5851d0e127f89f,企业,2025-10-02T03:14:20Z
0774c2f00411666660d33aa4fc6c7b58,企业,2025-10-02T03:14:20Z
13f72edd3e0f491709604e156ad2ea8b,企业,2025-10-02T03:14:20Z
83862668a9e63c078bf0bf0d03b655c9,政府,2025-10-02T03:14:20Z
bf2b87461aab1f6f19c7f6a8b6f7b8ed,企业,2025-10-02T03:14:20Z
451b1dd5b5944540891a76b4809b4b77,政府,2025-10-02T03:14:20Z
2f8e717fa62f48becf9538532e7170fd,企业,2025-10-02T03:14:20Z
2d532495a339e3e4a1465449b6c98d08,企业,2025-10-02T03:14:20Z
8799e8840750c4d2892ec7bb73ae2b37,能源,2025-10-02T03:14:20Z
8799e8840750c4d2892ec7bb73ae2b37,企业,2025-10-02T03:14:20Z
544a49373d77eaa1b4b7f984190c5179,企业,2025-10-02T03:14:20Z
f6f5e5685882d92430c984c858ec7f80,企业,2025-10-02T03:14:20Z
11fbdcc0c7888156157ed5a23dbd1030,企业,2025-10-02T03:14:20Z
20307a1dff0686edefe3b77c23869529,企业,2025-10-02T03:14:20Z
2b15746f04f60709c577467a1ea52a87,企业,2025-10-02T03:14:20Z
95f3fe7e61e9183347c53e3ca9fea993,医疗,2025-10-02T03:14:20Z
5c414839a4fb8e994af03792318a675b,医疗,2025-10-02T03:14:20Z
38050bef36c6df7edfb21623a012a8da,金融,2025-10-02T03:14:20Z
17de6df4464c5675bf5f2ef901a1609b,医疗,2025-10-02T03:14:20Z
d6f1118413463ebb93da02b60aff4796,金融,2025-10-02T03:14:20Z
d6f1118413463ebb93da02b60aff4796,银行,2025-10-02T03:14:20Z
4e40cf38aacd4213a0b3d456b41dc577,政府,2025-10-02T03:14:20Z
7053420d715b98cc57fd30fe7300f0e2,教育,2025-10-02T03:14:20Z
2044bd59bf50b5d3ef79fd015b3371fe,企业,2025-10-02T03:14:20Z
99962ff865eee6243ee105d3222a0a7b,政府,2025-10-02T03:14:20Z
bd88f27f149cd176ae0a2b55f6c7f82c,企业,2025-10-02T03:14:20Z
bc42ebe328e21a22690b0f74b0e9aa0b,企业,2025-10-02T03:14:20Z
dcce7c23a90738ec3f829a1ad8ece7c9,能源,2025-10-02T03:14:20Z
606f79613d781753c099ce70c60a8429,政府,2025-10-02T03:14:20Z
54f01c6cd640021fb3fcfa31b0da477f,医疗,2025-10-02T03:14:20Z
1b9439381769be93187d4089bdf974df,企业,2025-10-02T03:14:20Z
e5edfd9b610fe6b872bcf6e15d1e81df,政府,2025-10-02T03:14:20Z
3a962d060357f96062215c23b3d2c103,政府,2025-10-02T03:14:20Z
5395327b92ee1e40d414e4effb8fdf04,企业,2025-10-02T03:14:20Z
18a0e86631b18903064854b427617b8b,企业,2025-10-02T03:14:20Z
c7ff36b85399f4fc0449bb17d6c0b212,企业,2025-10-02T03:14:20Z
68f1959bf626ab1ddb1eae5dc8bff808,企业,2025-10-02T03:14:20Z
d3694e34cd3606a5e2e72c00942f35bd,政府,2025-10-02T03:14:20Z
bc452c7196493c0637bfc864b5f87176,政府,2025-10-02T03:14:20Z
fe59f1f065d5a5ac6a6cfba5aeb371e4,企业,2025-10-02T03:14:20Z
b8224ee8276d0eccfed1d4ef9f4c820d,企业,2025-10-02T03:14:20Z
d7edbe86177edbfe718c99bee1a2b833,企业,2025-10-02T03:14:20Z
536ba40f61b354ed33344d28624a8be0,企业,2025-10-02T03:14:20Z
fe0d03d2a585c74b6cc2bd0d77d15eaa,企业,2025-10-02T03:14:20Z
e07626a8f249452375dfd6ec7e68fedf,企业,2025-10-02T03:14:20Z
889c3c257379c0bc88e77c4697272d9a,企业,2025-10-02T03:14:20Z
4807cecd5ffd0060d13a3bd18c80f853,企业,2025-10-02T03:14:20Z
8618c75b3c36ba22c58feda9d80a8b27,企业,2025-10-02T03:14:20Z
da2ad2e13fc3907aa7e7556fc318a73d,企业,2025-10-02T03:14:20Z
a076b19cf7401d82783b1f079c57bcf5,企业,2025-10-02T03:14:20Z
c869183434d7e00bbbf417596293e54f,教育,2025-10-02T03:14:20Z
b68e8e3c4f802a395681d07268db6f72,企业,2025-10-02T03:14:20Z
f05a1b190e32d8e60b36dadbed156d4d,企业,2025-10-02T03:14:20Z
bdf8b2996776eef8508cd720a911e570,企业,2025-10-02T03:14:20Z
a1622cd1c1181872a5bcaeeda680fa20,企业,2025-10-02T03:14:20Z
f90e374f5cf14d93e10024a413225e30,企业,2025-10-02T03:14:20Z
8251c529f93f806919fb5651de4f5e38,企业,2025-10-02T03:14:20Z
ad73fa5fb6bd5e0386223a1800d04243,企业,2025-10-02T03:14:20Z
8e138701539464bf1296c4d9430ac673,教育,2025-10-02T03:14:20Z
70d0ca99370f76aebb08e83b65c64ef4,企业,2025-10-02T03:14:20Z
942ea2f387c4453cac1db2628d7ae04d,企业,2025-10-02T03:14:20Z
6d14237d45fa831dfb9bb5d2f166f001,能源,2025-10-02T03:14:20Z
344dd148440bb9e88823e4212e34076b,企业,2025-10-02T03:14:20Z
7f2dc32d46155518e9a65272e0a3bb32,企业,2025-10-02T03:14:20Z
1368d677101cc6c7af83b9da9616ba8a,企业,2025-10-02T03:14:20Z
c19ff5d39fc3892c48fc4f30fb636dff,企业,2025-10-02T03:14:20Z
795de7850f686bc28f00a54850851557,企业,2025-10-02T03:14:20Z
ae608be60b2d97bec8916f286d38986d,企业,2025-10-02T03:14:20Z
dc6714d1192466c7facf795b822ce1ce,企业,2025-10-02T03:14:20Z
0486f469e03d17fcd29f6883e1efa766,企业,2025-10-02T03:14:20Z
84563c843ff8b576636898bb76ff1f69,企业,2025-10-02T03:14:20Z
71b39da33871919c2b6e58c52704d0d9,企业,2025-10-02T03:14:20Z
4b39dcc1515ae144719e5928488b13e7,企业,2025-10-02T03:14:20Z
70d119527dba919d5b0c8b2e9f87e1e9,企业,2025-10-02T03:14:20Z
73fd34aff907402971c1720dbb199a37,企业,2025-10-02T03:14:20Z
5212dc3cd6666558d6d99ce56ec81887,企业,2025-10-02T03:14:20Z
dd6711c46228927ddd1ff12e8fd423dd,企业,2025-10-02T03:14:20Z
b9e9e66eb7b2eadb7a49ced87a1d4922,企业,2025-10-02T03:14:20Z
5eba3955bec72670f43eaffd026f10b2,企业,2025-10-02T03:14:20Z
3de2656bb420c101582d083f995a82c3,企业,2025-10-02T03:14:20Z
b80db2419ebd687fb54456bcc6576ad5,企业,2025-10-02T03:14:20Z
9e5cacacca1b679c6a93a8adb43f6341,企业,2025-10-02T03:14:20Z
37525ab3f24899dcef5d992917444892,企业,2025-10-02T03:14:20Z
81ee4f60fb3300a886cd32f50b44108a,企业,2025-10-02T03:14:20Z
513139e73234c99c3b373e3411fad513,医疗,2025-10-02T03:14:20Z
bbe9280c668e18a73a375f550d851abc,企业,2025-10-02T03:14:20Z
9d6982c3b8e3f6922ecbbef5e511545f,企业,2025-10-02T03:14:20Z
2d72cf316dc4cd26d216874339ecaed6,企业,2025-10-02T03:14:20Z
c87806c2776974107ba7f19df891ecba,企业,2025-10-02T03:14:20Z
b594f513bd7e81f9863b2892e3d437bf,企业,2025-10-02T03:14:20Z
109d6b4c86c9717fc504609e115133e8,企业,2025-10-02T03:14:20Z
109d6b4c86c9717fc504609e115133e8,能源,2025-10-02T03:14:20Z
2559fb754bb5094978c4627cd715c53a,企业,2025-10-02T03:14:20Z
16e2e9b32019961a9519ac0e50d4e49c,企业,2025-10-02T03:14:20Z
58fd485ae6c2f98d8a11905b17e616a5,企业,2025-10-02T03:14:20Z
39d813dece8ec45388905cfb3aee2e38,企业,2025-10-02T03:14:20Z
38a42a2044e5c31cf06094be36e05f52,企业,2025-10-02T03:14:20Z
9ce6d9474a5fd2619e4ffb15c079c8da,企业,2025-10-02T03:14:20Z
2f2254cde3a4f913128d8f8c26cd4526,企业,2025-10-02T03:14:20Z
a335a45b5963864d3992ba2d62d42412,企业,2025-10-02T03:14:20Z
68352b439b87136cde8a4e69c0010fae,企业,2025-10-02T03:14:20Z
632d6124770b8e561b24b14d49bbc81f,企业,2025-10-02T03:14:20Z
c2f6bf035c9989c38b86847e1d4ac157,企业,2025-10-02T03:14:20Z
fa6aabc9c9d60b55fe30b3afa68296f9,企业,2025-10-02T03:14:20Z
3728ec24b7b65f0838acb9be3e92a88a,企业,2025-10-02T03:14:20Z
405f3dbb0ab691dc96082bac60f97a72,企业,2025-10-02T03:14:20Z
32095b471b1ec8a59e0cc9290904cbfe,能源,2025-10-02T03:14:20Z
71cc7f1ac53c53f352d9933ea9609192,企业,2025-10-02T03:14:20Z
f51bf6248b1876427b81933c856e19a0,企业,2025-10-02T03:14:20Z
21c26b52442d3f9afe42890d81f94f72,企业,2025-10-02T03:14:20Z
ce9233b3410ae19bfbc0f77fdd7b59d5,企业,2025-10-02T03:14:20Z
f3e226473a4db68ab27fa47fcd5b7644,企业,2025-10-02T03:14:20Z
c439169e02d1911c41725adbc7792984,企业,2025-10-02T03:14:20Z
6238c8e8190d70f553e45175bb9581bb,企业,2025-10-02T03:14:20Z
9e09c63fd1f549afa107d81ff713440e,企业,2025-10-02T03:14:20Z
e60ebc59a5937dd167cd40870aa07515,医疗,2025-10-02T03:14:20Z
cf45cc4f14b9b547a41b7fa1d4078b04,企业,2025-10-02T03:14:20Z
e085b1d6ed7b20526b09858dd4978869,企业,2025-10-02T03:14:20Z
f3645b2a0275a8079498e3bfdd1713b4,企业,2025-10-02T03:14:20Z
c06186396c943f0edccfaf3ad9a98a3a,企业,2025-10-02T03:14:20Z
f4b35ada6116890fd5bb6ce2d38b9b6e,企业,2025-10-02T03:14:20Z
0bc4283836fabd078aebebbb66bf624e,企业,2025-10-02T03:14:20Z
4604f90188dcec3da0368c8c7b894b67,企业,2025-10-02T03:14:20Z
5a51b03ddf176d69d3bb72b05a073744,企业,2025-10-02T03:14:20Z
3af53d439087323ac4d0f0307494dc5c,企业,2025-10-02T03:14:20Z
a6907254d56be1d9df8e5b61fd82d00b,企业,2025-10-02T03:14:20Z
923e918ae24bdab92114f8b5ad47fefe,企业,2025-10-02T03:14:20Z
4230e92005195152704a2446ba20fd56,企业,2025-10-02T03:14:20Z
0db0ff551fa631934d052d11fc9e66a4,企业,2025-10-02T03:14:20Z
09a922eac4fd71c7d26a8075f1da23f0,企业,2025-10-02T03:14:20Z
55d00b0595706eca6337e0c11b587cc6,企业,2025-10-02T03:14:20Z
381992aa81a1e295a954aa613b4da20c,企业,2025-10-02T03:14:20Z
1153797bb6b19cb516d3756cd8163418,企业,2025-10-02T03:14:20Z
098654a018f6b2166f78ccd73fed3380,企业,2025-10-02T03:14:20Z
aedc849350d2d79c600c3d815e2804d9,企业,2025-10-02T03:14:20Z
1f19b83463d367e0564981be3262daea,企业,2025-10-02T03:14:20Z
5ce4a8ceaef008511c06745b6dcedbff,教育,2025-10-02T03:14:20Z
848f909e58a40472053e0f6776104638,企业,2025-10-02T03:14:20Z
e7218886088f90d9b3e7ee36032836cd,企业,2025-10-02T03:14:20Z
51707765a0b170e61fdd13923bda5e14,企业,2025-10-02T03:14:20Z
f663d8d8e677b1a428fbb7452adbd1d9,企业,2025-10-02T03:14:20Z
fc31b18d94d9ee4cb99283acf58b1d43,企业,2025-10-02T03:14:20Z
1c060bce8bef2d0b88824b01232cffff,企业,2025-10-02T03:14:20Z
f8c14112f031392cecc11b25507d56ac,企业,2025-10-02T03:14:20Z
8d436e811b76e066113e084da0ac7e4b,企业,2025-10-02T03:14:20Z
a59eb99b3a7bfe33b2eade34063a8f4f,企业,2025-10-02T03:14:20Z
6ea56c9e9c7027c5978fbe5325b653dc,企业,2025-10-02T03:14:20Z
26c8fc1de16f73336b478b8bb8b54b1a,企业,2025-10-02T03:14:20Z
6a01e7a60759c47bb5bc2e9eb069b97e,企业,2025-10-02T03:14:20Z
bae28ff5e50dcacc1260cd6e55fe7457,企业,2025-10-02T03:14:20Z
4bd2860279874e61e8a06fb761b1b49b,企业,2025-10-02T03:14:20Z
d4f39dea2bd080f5a73a2aa4effa4124,企业,2025-10-02T03:14:20Z
9abf274639da9b7b27ea262d55539343,企业,2025-10-02T03:14:20Z
5ba9a21307d554e9fa80c1cd217498a5,企业,2025-10-02T03:14:20Z
79b15aa528c6a3e5506d82e4f51e50c8,企业,2025-10-02T03:14:20Z
77f130f9e94493e64d7032ef11d06b5b,企业,2025-10-02T03:14:20Z
8930b66d41ef36743e19430367cf3ac8,企业,2025-10-02T03:14:20Z
798ea40956d3da7b3e47133536b7a888,企业,2025-10-02T03:14:20Z
d1ee957e9231bbcdaa977622c479ef37,教育,2025-10-02T03:14:20Z
64a95bf03d912f9a6de1d84dc6bb77e3,能源,2025-10-02T03:14:20Z
64a95bf03d912f9a6de1d84dc6bb77e3,企业,2025-10-02T03:14:20Z
19fc81c1c3bf3f538f2ca017312b04ec,企业,2025-10-02T03:14:20Z
40c0b87e17c66b645903dbefa014db13,企业,2025-10-02T03:14:20Z
8630c9d851c03915f7953a8a4165705f,企业,2025-10-02T03:14:20Z
e6dd3869386d8a42ca0eb9907cb104ea,企业,2025-10-02T03:14:20Z
8349812b145785891776cd4a7987aff0,企业,2025-10-02T03:14:20Z
81d7717dc1593281da3787e6b65fe1f6,企业,2025-10-02T03:14:20Z
39ba0bb1a69bf8ee9bff1b2d27120894,企业,2025-10-02T03:14:20Z
a9d1205f93c6d60173cf08912c13187b,企业,2025-10-02T03:14:20Z
339626c3f07915cc0bf4963f38ea2f7f,企业,2025-10-02T03:14:20Z
e52badd26547374d980a3048d7561263,企业,2025-10-02T03:14:20Z
fae6b3294818bcd1bdd82a017266440d,企业,2025-10-02T03:14:20Z
c8cbd85e8be02771ce5a370b91242132,企业,2025-10-02T03:14:20Z
e3eba799b57c2fb3d1d6e480b5c1917f,企业,2025-10-02T03:14:20Z
3e9a781d076ccb093502fb2391b31e8b,企业,2025-10-02T03:14:20Z
bd723028dbee6be7e4bdaad3ca0bd82b,企业,2025-10-02T03:14:20Z
856806f1335484e046d54539d2074f3d,企业,2025-10-02T03:14:20Z
4c95461c7668a111e18268cd158ffebc,企业,2025-10-02T03:14:20Z
ce9d0b3ae9f22b334e56a6f3dbbb3cf5,企业,2025-10-02T03:14:20Z
0696feb3dbe53bbbe27fd2972a932235,企业,2025-10-02T03:14:20Z
60a9cee5a2f34c4b933193d2af9d87ac,企业,2025-10-02T03:14:20Z
9a9e760cb959432dcf6275667b4f12fb,企业,2025-10-02T03:14:20Z
4f3bdeb0b7d5f60ddf00f421208d959d,企业,2025-10-02T03:14:20Z
e6f62e916a420ef7b3e35d1c8aea4bd6,企业,2025-10-02T03:14:20Z
69adb1bc6f58b309305be41024563e00,企业,2025-10-02T03:14:20Z
5dd77e243a5dbd8cf345c38e1b3a17a6,企业,2025-10-02T03:14:20Z
7447e03f0af5e3c80ba857ef6f5ca337,企业,2025-10-02T03:14:20Z
7e41c99ed8c0da741571beeed7b5caa2,企业,2025-10-02T03:14:20Z
5c7fd45ec540a45a280ea1bd7ccd4a31,企业,2025-10-02T03:14:20Z
f657669acdb85be6aa0f501f68680bed,企业,2025-10-02T03:14:20Z
86b0ce901c71346b45a1bd6ff872261e,企业,2025-10-02T03:14:20Z
f74a12811ae56fb8bde52101ed794ed3,企业,2025-10-02T03:14:20Z
5f860385dabc1676b8be688c3b3e1839,企业,2025-10-02T03:14:20Z
7ea026a57a74d21ddc1d5cbbea2f8458,企业,2025-10-02T03:14:20Z
93689434419dc8f6f183c3a191dd49e5,企业,2025-10-02T03:14:20Z
60fbf14a3fd49f9e9598ce0c11cb7393,教育,2025-10-02T03:14:20Z
58eac58338b777864dca26e793ebb5ca,企业,2025-10-02T03:14:20Z
61c377139728490698c520e623a816c7,企业,2025-10-02T03:14:20Z
9c23d566a6b6ac4516276c053926ed1f,企业,2025-10-02T03:14:20Z
af09d9bf6863b868575c1983fcffe265,企业,2025-10-02T03:14:20Z
b61c0ccb0dfb41e342fd61169b4fe7d8,企业,2025-10-02T03:14:20Z
93c44c32df5c99d4b04553aa16b6f3d6,企业,2025-10-02T03:14:20Z
82979f216643df819e547ebd77e2d4f7,企业,2025-10-02T03:14:20Z
e69b776bfdf0e45c771b8e1d0480d442,企业,2025-10-02T03:14:20Z
8b06f0bb68a951f923f9c42102329019,能源,2025-10-02T03:14:20Z
0ad20b9d0b46b4dbf700395d1cb4f4c9,企业,2025-10-02T03:14:20Z
b71d3c1d20c393172edc14f28bf76837,企业,2025-10-02T03:14:20Z
252c0ccae95178e88671bb1a77ddbc53,企业,2025-10-02T03:14:20Z
6b5dc985128516f16e4c153f85ac836a,企业,2025-10-02T03:14:20Z
1b680936a0a2c0732ede11010f160655,企业,2025-10-02T03:14:20Z
f07148d1cec7d05c1e2f2fd7bac5a726,企业,2025-10-02T03:14:20Z
0cd0fd3aa2d152f80b475c7234d5548d,企业,2025-10-02T03:14:20Z
fd64db8f49743d93b2ca5aa8cd4939b8,企业,2025-10-02T03:14:20Z
86de5543faed109a8f7fac0f45f5cf9e,企业,2025-10-02T03:14:20Z
11bca673094f884d929c324ee3896784,企业,2025-10-02T03:14:20Z
2e8febac7defd4c8a32428606e897396,企业,2025-10-02T03:14:20Z
243d783969a266db7fa730d82ff84f26,能源,2025-10-02T03:14:20Z
243d783969a266db7fa730d82ff84f26,企业,2025-10-02T03:14:20Z
b21d855bee0efd46f10d23b52342363f,企业,2025-10-02T03:14:20Z
9087d163f34a4111d1a547b268426c04,企业,2025-10-02T03:14:20Z
0fc6386f3095052de398dc1268cf9892,企业,2025-10-02T03:14:20Z
0fc6386f3095052de398dc1268cf9892,能源,2025-10-02T03:14:20Z
64d2c16c28e0b203a91cb021e7bf3ac1,企业,2025-10-02T03:14:20Z
b83113ee5fe14c09a836947b56ff587d,企业,2025-10-02T03:14:20Z
aeefb07199f549bf5ab11d0a79046ce6,企业,2025-10-02T03:14:20Z
74c9fa7351a5795f1ae2d3ef0aaa2184,企业,2025-10-02T03:14:20Z
d2b5124dfbd3cb24624d8e269bb9e13b,烟草,2025-10-02T03:14:20Z
88512431d2091cb000a44121307c5725,企业,2025-10-02T03:14:20Z
26b879cba207b4303dda558963e0a03f,企业,2025-10-02T03:14:20Z
1bf8abda0ee2b455d9bd03d233d62d4b,企业,2025-10-02T03:14:20Z
0331c72394529913137b5aba74e90861,企业,2025-10-02T03:14:20Z
c8155493b881b6a3d44c76f9086328c4,企业,2025-10-02T03:14:20Z
4101006e934a724e48484a35dcb79f55,企业,2025-10-02T03:14:20Z
fc3ec0886da75e8c5c0dd54c436db8e1,企业,2025-10-02T03:14:20Z
2e6e190861746e4d0e85c609b52461f5,企业,2025-10-02T03:14:20Z
7013b9a4df36d43433938817152b1f9f,企业,2025-10-02T03:14:20Z
0ac48d288059ff764a2aa3a4518fef6a,企业,2025-10-02T03:14:20Z
df8ecdf8aae3afa54eb398331cad3647,企业,2025-10-02T03:14:20Z
849867d49e87c8ce7e23dacff9db9d40,企业,2025-10-02T03:14:20Z
30a9068f9b388b1f9eb3fb979d73e771,企业,2025-10-02T03:14:20Z
1da9f7aff96f14fda8c41eae75e4adf1,政府,2025-10-02T03:14:20Z
7e47deace858a74545c889427f62d84e,政府,2025-10-02T03:14:20Z
8897825f51d57949fa0b291cda3129cd,公检法,2025-10-02T03:14:20Z
cd45817dab4905e86c140306f0d8c446,铁路,2025-10-02T03:14:20Z
19a432e38b4291ca0ad83c0af7152bf5,公检法,2025-10-02T03:14:20Z
a131df14620a8c2d775a00bc20632bff,政府,2025-10-02T03:14:20Z
62675e08a8a469ccaca41e664671e940,企业,2025-10-02T03:14:20Z
f7ee86ecb451ba469a96360afb88b12c,政府,2025-10-02T03:14:20Z
3c5e04de859072cc73c01bdaec270318,能源,2025-10-02T03:14:20Z
6c03d2ab5955d7c9f4b55a947e4aeace,教育,2025-10-02T03:14:20Z
4af38f34b064b57378e5dcc1f1f3039c,政府,2025-10-02T03:14:20Z
db60e4b93a312fa674566d1862f1ed22,企业,2025-10-02T03:14:20Z
9609d0217fa06caa8d553a3fdd6e3b6c,企业,2025-10-02T03:14:20Z
4b7410142e9a5efd29fa7b69d90235eb,能源,2025-10-02T03:14:20Z
5c428a61efa14cc63345e3ceb5bc214c,教育,2025-10-02T03:14:20Z
9d9c3e228339a16e6eae3208bf0fca63,公检法,2025-10-02T03:14:20Z
27b53dc4fb866ce3e8db9ddb2ed789e9,教育,2025-10-02T03:14:20Z
10feb28e48c58139d4cbc18dbb81739f,教育,2025-10-02T03:14:20Z
6fba70da7d4576fc5903c9ddc61ab022,政府,2025-10-02T03:14:20Z
76aa755c8fff5b9cba8333f6448ab3ee,政府,2025-10-02T03:14:20Z
1f723c9cd4ce52eaff216087a60fedc8,政府,2025-10-02T03:14:20Z
bc3aaaf3128fe764ec64550236749fd9,事业单位,2025-10-02T03:14:20Z
bc3aaaf3128fe764ec64550236749fd9,企业,2025-10-02T03:14:20Z
4a573908589ab1d5a1d740d7d562b802,能源,2025-10-02T03:14:20Z
62fddb239d6ab4899ddd6f4760a5d3b0,企业,2025-10-02T03:14:20Z
a46cd661cd962484a397c52e93126a62,教育,2025-10-02T03:14:20Z
de83dc7f4252f00d230dbaf6c047f582,企业,2025-10-02T03:14:20Z
7e2f9d45e0eb952e0a656554fb762de8,政府,2025-10-02T03:14:20Z
f4f7276e7e0bab225a4f25ff55f9d2a9,教育,2025-10-02T03:14:20Z
f0fc3d158e5e8931a9c8b85767957895,政府,2025-10-02T03:14:20Z
f1ba56d533ae2c6a7fad4b944f6fa097,企业,2025-10-02T03:14:20Z
4ec5b69f1d9a76c98da3d2e262acefbe,企业,2025-10-02T03:14:20Z
63e7e8862ce5f2e44da8db898af34217,公检法,2025-10-02T03:14:20Z
0d2a89d13cb31c04d5abb36fd0fc5f40,企业,2025-10-02T03:14:20Z
65745bab2d88c0577989dcdc7a63db4c,企业,2025-10-02T03:14:20Z
80cef8c4e0b604002e22f9397b66191c,企业,2025-10-02T03:14:20Z
87d9690ffae747d34449912c46c2049a,企业,2025-10-02T03:14:20Z
945b8b2b2fca60c3ea9b48ae256dcb39,企业,2025-10-02T03:14:20Z
498c80cc5ea3e11bab76caf7772a34a6,企业,2025-10-02T03:14:20Z
73379cecade8047e10a46068d7423d98,企业,2025-10-02T03:14:20Z
678869bc0415228dbf1f5c336a2298eb,企业,2025-10-02T03:14:20Z
b78fe9f034e4abc7e2a36054e0d723f9,企业,2025-10-02T03:14:20Z
9293f50b42a6741d72e0337d38c248c3,企业,2025-10-02T03:14:20Z
02885b1b82891e3075c0c60d5c9b0436,企业,2025-10-02T03:14:20Z
01d36dfcfbb40d32234dc732e32e4d4c,企业,2025-10-02T03:14:20Z
9a6f6c544a314f363f39e8372fdf1aaf,企业,2025-10-02T03:14:20Z
41fac4cdb0f2bc85ebb94bbc3a5bec72,金融,2025-10-02T03:14:20Z
e2d241b564cca5eb82cc51c5155d759c,企业,2025-10-02T03:14:20Z
4b0a4fd79b6553861e359725565120e1,企业,2025-10-02T03:14:20Z
3590cf5c99f80be1b8c06212be6e5eed,企业,2025-10-02T03:14:20Z
c2fba95cde06402ac829d7f5fa4fec76,企业,2025-10-02T03:14:20Z
d3b52bd3c4f6bb5320d69a9014a2a8ef,企业,2025-10-02T03:14:20Z
1a0faf7f868e0527193fedc697fee4b6,企业,2025-10-02T03:14:20Z
56ad15393f657ff06b348411c7cc864f,企业,2025-10-02T03:14:20Z
c77ca7806e9be423ecb5c9ec19a472aa,企业,2025-10-02T03:14:20Z
3a2d149282497ae9359717543a158dca,企业,2025-10-02T03:14:20Z
f64ae867a8579aa048b262fc6aadd652,企业,2025-10-02T03:14:20Z
a81526e81a6f211625e168d5e2237611,企业,2025-10-02T03:14:20Z
c7d685707263fc26803819bdf1c12441,企业,2025-10-02T03:14:20Z
66eddcf8a09079015fda7a83ed412912,企业,2025-10-02T03:14:20Z
2e793e04b38a96e095762afa9d31aad4,企业,2025-10-02T03:14:20Z
91dd512d845d39ba8d2c63eeebf8db00,企业,2025-10-02T03:14:20Z
bc801df936d6bd8c07be510e55f2739e,企业,2025-10-02T03:14:20Z
243046ce76b2b076f879b63dcfbdcc2b,企业,2025-10-02T03:14:20Z
c493f12ea2843cfb0f57cbefc84549f5,企业,2025-10-02T03:14:20Z
4fb781e4e72b85b6a92b5cd58e77ac71,企业,2025-10-02T03:14:20Z
068b63d61ad89d1e3c32e241a0e90739,能源,2025-10-02T03:14:20Z
d6bc98fcc6828d8dbcf9ad7c2673fedc,政府,2025-10-02T03:14:20Z
e5bff69f943d3bdc7942dcf54c650c07,能源,2025-10-02T03:14:20Z
8b232599b110aeb455b8c9741da7d81b,企业,2025-10-02T03:14:20Z
f1abf9d582f6aa13b804d38e387f1a64,企业,2025-10-02T03:14:20Z
57514962090076c6a948674a6c84370f,政府,2025-10-02T03:14:20Z
57514962090076c6a948674a6c84370f,企业,2025-10-02T03:14:20Z
c139fa50cff928ce33aeb351fcfb4f4a,政府,2025-10-02T03:14:20Z
8dc065ebfab7f8a49d69079b4d3b532a,企业,2025-10-02T03:14:20Z
c6ae0d71eaa3186bb5c0c23015494040,企业,2025-10-02T03:14:20Z
6678c3307f9be71347b757d1d5b97f56,企业,2025-10-02T03:14:20Z
d658b1518946c421165d34e30b471339,企业,2025-10-02T03:14:20Z
8cff78b71621b32e0ad4e91987eac62c,企业,2025-10-02T03:14:20Z
ceda21e408f6f25fbf09c2fe6377b4f3,企业,2025-10-02T03:14:20Z
1e393154855bdd2723414c4a0c3a1913,企业,2025-10-02T03:14:20Z
2841644b98899498d429cce9609d4cf5,企业,2025-10-02T03:14:20Z
5f746a4c0a15efb4ac6ed166feb7820b,企业,2025-10-02T03:14:20Z
2a89841ad865960e69717c3dcf82ea2a,企业,2025-10-02T03:14:20Z
00e4549fab82c374213d17f4dbee385b,企业,2025-10-02T03:14:20Z
44fd61c0fea83f6763c300938682b549,企业,2025-10-02T03:14:20Z
ca6a148a259706ae1ce64b86811cc964,企业,2025-10-02T03:14:20Z
edd924da1b122a02405209a223aa30d1,企业,2025-10-02T03:14:20Z
a3c7a85235b6ed785e82e03fee14f0d9,企业,2025-10-02T03:14:20Z
0b4cfe910101d6443794c7e03f160615,企业,2025-10-02T03:14:20Z
d7ab188ae7ffd8a4326dd46be95c0f3a,企业,2025-10-02T03:14:20Z
29d0e7a384a76a2cc4cea7c2ac70f475,企业,2025-10-02T03:14:20Z
77c3f7b239b85de6e64bdfa62fd6e851,企业,2025-10-02T03:14:20Z
4a39377a0b1878e3defb998b1cd8ffe4,企业,2025-10-02T03:14:20Z
08b05379e3c0b190471e9f9529286c3b,企业,2025-10-02T03:14:20Z
b12cfb2185db38cf587da0a3493e409c,企业,2025-10-02T03:14:20Z
ee46ca877b421afd86972df4723e8547,企业,2025-10-02T03:14:20Z
67f4a05d66c0e0ce1b17127369dead69,企业,2025-10-02T03:14:20Z
c1652375b48ae959ed4f754e797ced5f,企业,2025-10-02T03:14:20Z
dd8b3c2d5810b8f06685fba59d3b86f8,企业,2025-10-02T03:14:20Z
9627214f22d62f3e2390b6a5e333a168,企业,2025-10-02T03:14:20Z
0854695c73dab9b2a8f587e141009ebf,企业,2025-10-02T03:14:20Z
f43ff0a742d589a346a67cf8162f5455,企业,2025-10-02T03:14:20Z
af950f8439d4c915581d1016ddea94d2,能源,2025-10-02T03:14:20Z
c148453c2b4c43fba46b9bd4e9d4b341,企业,2025-10-02T03:14:20Z
568b41845e8fccdd3f8fcdfccc5d2188,企业,2025-10-02T03:14:20Z
e31301e82d8a8da72001c2fe2e2db265,企业,2025-10-02T03:14:20Z
40563041ded6d712e00ab57675cb897f,企业,2025-10-02T03:14:20Z
b60e92e8009f74988d239cc748b2df9d,企业,2025-10-02T03:14:20Z
e0a6a8815b0d7fdd490c92dbd37067c6,企业,2025-10-02T03:14:20Z
d5a88c97c2cfac47ec91e14bbd0b41ed,企业,2025-10-02T03:14:20Z
1f100a5a6d9d85c245d3bc803ebe940f,企业,2025-10-02T03:14:20Z
08f050a90fd327b1c3f3460c601fc4fd,企业,2025-10-02T03:14:20Z
469d78adcc3eec638282dac015ea18fb,企业,2025-10-02T03:14:20Z
ffa19fc26cada36b47ffc6dbc8503f76,企业,2025-10-02T03:14:20Z
b086cef9dafc0c51d8fe553cfb79c4ea,企业,2025-10-02T03:14:20Z
47d919114724e793afa4880b80059ff7,企业,2025-10-02T03:14:20Z
07b2fb734c3161d7c613fd6a24e4a23a,企业,2025-10-02T03:14:20Z
afd47083e2ed00b9d38ee42ebe29872b,企业,2025-10-02T03:14:20Z
90b01db5426ee7ec9833056981843235,企业,2025-10-02T03:14:20Z
63b121fcc2451f919e88730a450f1633,企业,2025-10-02T03:14:20Z
5456e0093f5a01578a16456e24304288,企业,2025-10-02T03:14:20Z
a5e730274a9795c75a5f71031fbd34e1,企业,2025-10-02T03:14:20Z
a5e730274a9795c75a5f71031fbd34e1,能源,2025-10-02T03:14:20Z
93ddaa9a6c16e51bd7889e16c82a0278,企业,2025-10-02T03:14:20Z
10d6af17096954de72c08258cf363bc5,企业,2025-10-02T03:14:20Z
8275afa20a17279ebd8226559f901f56,企业,2025-10-02T03:14:20Z
09cbb0576116bcd2f3a355e9b8763d91,企业,2025-10-02T03:14:20Z
d7a72a99cbfe944d3b5dac5b8d01ebe7,企业,2025-10-02T03:14:20Z
b6c58f11d7e87059cc77bdcb09dee969,企业,2025-10-02T03:14:20Z
26718323ad339f5cc985367e6dfe2393,企业,2025-10-02T03:14:20Z
86ff66c7eb7ff87355dc80f4b98b7c34,企业,2025-10-02T03:14:20Z
3c11bb12e82ea238edcc1901907be4a2,企业,2025-10-02T03:14:20Z
fe0a627f26085b0924654ae73f2a92f7,企业,2025-10-02T03:14:20Z
8bab4e990d5e663c09436b007b95c85b,企业,2025-10-02T03:14:20Z
274416232cdf16fd347bdea31a09f0eb,企业,2025-10-02T03:14:20Z
6e8ea403882330075feb01b957efabaa,企业,2025-10-02T03:14:20Z
29f81bfbeb91b5902104a3064eeb0a58,企业,2025-10-02T03:14:20Z
8fdf6f842a7d40da4529106e1d8232ea,企业,2025-10-02T03:14:20Z
f27a0143bc1f554cc183e4c87e450e7d,企业,2025-10-02T03:14:20Z
467a04c6b16d30c53063bbe50ca3a310,企业,2025-10-02T03:14:20Z
31f99d4e1a796658398ccbb6ab4a47ff,企业,2025-10-02T03:14:20Z
8f674b81dd80d85b189d56b2ef1ad2ca,企业,2025-10-02T03:14:20Z
a3e5efc2aa9a253c442101b5d05ea4bb,政府,2025-10-02T03:14:20Z
f767748b5e88f0c52fe2e45a155b905d,金融,2025-10-02T03:14:20Z
3c83c354d8049374856abe46f8be8985,企业,2025-10-02T03:14:20Z
b48cae462cf8d50e087df191c47fa27f,企业,2025-10-02T03:14:20Z
7c600a85182b7b3e757b1bf88b60e5d9,企业,2025-10-02T03:14:20Z
d59976dfc882cbd7fb28323d259c93f5,企业,2025-10-02T03:14:20Z
292a783b11e710b533f7cf6e9c3c6aa1,政府,2025-10-02T03:14:20Z
a3adcb79f870972236f768dbe1deb716,政府,2025-10-02T03:14:20Z
33837ec6ed5edb7df1b326470304e657,教育,2025-10-02T03:14:20Z
8ed83b798a4e98bbd44abb07ce52959c,企业,2025-10-02T03:14:20Z
4cb6fd316e238f79509e5c8f3e1ad0da,企业,2025-10-02T03:14:20Z
9841dca322d9b2ee6a26d8fa4493e837,企业,2025-10-02T03:14:20Z
70b5ed430a2677bf08f1de7c9fe2de6c,医疗,2025-10-02T03:14:20Z
abeb3f302351f706cfc7b0d616f4cfe9,政府,2025-10-02T03:14:20Z
d96e26d3d8e7fe11e62199b095fcf085,企业,2025-10-02T03:14:20Z
c0b92f4f5bd5ad5e8a0346b0b6dac837,企业,2025-10-02T03:14:20Z
ba946bad3120eb50bcb021772581eb62,企业,2025-10-02T03:14:20Z
2b641de03ff4994aff13f1759aed391a,企业,2025-10-02T03:14:20Z
a93c869bef8d932be848257309893f92,政府,2025-10-02T03:14:20Z
01d08c38ca9ad9617663332d063327ce,教育,2025-10-02T03:14:20Z
eb433ed67bf6c70bf1f216f921d93e00,教育,2025-10-02T03:14:20Z
10f48bbeea33253046f7bde14930bf25,企业,2025-10-02T03:14:20Z
5bf85765704a985a5efcae13ff80237c,企业,2025-10-02T03:14:20Z
6ed5db26b16285398c6c1191c6f42a00,企业,2025-10-02T03:14:20Z
e3c79e12afd8a6b72fc6b08b9d08be12,企业,2025-10-02T03:14:20Z
3fbd74bbf80a1e7a3cd9560c0e08d95d,企业,2025-10-02T03:14:20Z
a6c91df6ea3b4a0f4c765a077332f9f7,企业,2025-10-02T03:14:20Z
868af9d560c51222c40f081a08a0d98b,企业,2025-10-02T03:14:20Z
b9ed0f9ffdf4aaec0df2866c9576a912,企业,2025-10-02T03:14:20Z
8f088231561e89075bb79e204f46e99f,企业,2025-10-02T03:14:20Z
8c88cfe292bd5369ca38e440b826ed60,企业,2025-10-02T03:14:20Z
7a6870514b55b91a42ab62b7313eae79,企业,2025-10-02T03:14:20Z
d3818d85ebb65224d4f73fd5720f9df8,企业,2025-10-02T03:14:20Z
f7d9d3f995cdf1be4bc99cb30be763e8,政府,2025-10-02T03:14:20Z
43bdb956a6cf7e0075b2cfde416ee87a,企业,2025-10-02T03:14:20Z
7cd8e1fbacbe54170ba1731fe6d7b6a5,企业,2025-10-02T03:14:20Z
cb043b8cb0f00eb6e527746fa2675066,医疗,2025-10-02T03:14:20Z
299081a164f4b3647d6ca625fbc5e8cc,教育,2025-10-02T03:14:20Z
3538dbbc66a1df8472c81c9bdbaf7921,企业,2025-10-02T03:14:20Z
ff8728eda23c10c93902e0df56c76132,企业,2025-10-02T03:14:20Z
325962113614412f4f7909d7eb8f2dd8,企业,2025-10-02T03:14:20Z
ab195e07296d861148793a89024c6e35,企业,2025-10-02T03:14:20Z
0862c4451422b1ffbeaeb8012f5e51eb,企业,2025-10-02T03:14:20Z
bc523a68a40957a5ed768cf2b50ac827,医疗,2025-10-02T03:14:20Z
51ffc8c93ac193fbcf9faf679d73eac1,教育,2025-10-02T03:14:20Z
b825301edd5273bfaa4d6a120986bc14,企业,2025-10-02T03:14:20Z
811b8acfecce92320bbf587b2b166571,企业,2025-10-02T03:14:20Z
eee098af366d7d919a8ddfa272ab5535,企业,2025-10-02T03:14:20Z
4cc90c3e808cde4fc8d9adb18d2ad092,企业,2025-10-02T03:14:20Z
cc2d9713e8090f91867cfcc5c19015d3,企业,2025-10-02T03:14:20Z
f466416e746f84b7bbeb2e4994bc0b4b,企业,2025-10-02T03:14:20Z
05305b4869c2c2cb3eb1f253161ab1f9,企业,2025-10-02T03:14:20Z
63310609f0a628a1a82ecb31430d0355,企业,2025-10-02T03:14:20Z
8bad5125a5e6e2fe8cdbe02971abd068,企业,2025-10-02T03:14:20Z
ea88db4359dd1fd5d9b12856a18aaf16,企业,2025-10-02T03:14:20Z
66241e044182c52abe87f42e990340e3,企业,2025-10-02T03:14:20Z
2e928ab759fa02823e37c11fc5e9c457,企业,2025-10-02T03:14:20Z
16e5deb5afd22e61a3593dd82f0206b2,企业,2025-10-02T03:14:20Z
4e409a0b23b43220b618fb890cafb494,企业,2025-10-02T03:14:20Z
346b0004fb992bfaee612b692b68131e,政府,2025-10-02T03:14:20Z
e2d95fa6c85dc64357ac8a1dd72bd828,企业,2025-10-02T03:14:20Z
19b0191fc69865b68d6c5cd4e276ec78,医疗,2025-10-02T03:14:20Z
5186e050794547f9b4296dd877329175,政府,2025-10-02T03:14:20Z
3d872062ca2b6de5cf7ade93c0cf214e,企业,2025-10-02T03:14:20Z
c73667ffe073cde69b38f0d480fc9572,能源,2025-10-02T03:14:20Z
61fa2b7a5850983926d5408666ba7133,企业,2025-10-02T03:14:20Z
14fe079d00230fe70fe3faa5815143e4,企业,2025-10-02T03:14:20Z
ba929dcd1ab90714620de811ee47ab6f,企业,2025-10-02T03:14:20Z
02c3c9a3fcdd3e45ac61a1e562bde8b9,企业,2025-10-02T03:14:20Z
b733af3f1c768eac2c0d88fd5bf2d937,政府,2025-10-02T03:14:20Z
fac836a3f5586a18599fcb4fd513b2ec,企业,2025-10-02T03:14:20Z
e59585892a79f81a8d9d9c2d01eec008,政府,2025-10-02T03:14:20Z
03162a4b350cbcc5e50098dedb1d96aa,企业,2025-10-02T03:14:20Z
bf40911d83a6a4f5986683c4fc60ccdd,企业,2025-10-02T03:14:20Z
9de8e9f629e2fc93089e625e8854b885,企业,2025-10-02T03:14:20Z
220c6c5005acc5d95a5aeb0609261aa9,企业,2025-10-02T03:14:20Z
ae17a75e7f0657d7dbc526bf9570afac,企业,2025-10-02T03:14:20Z
390f9da5f176f217c72ba18fb9080e90,企业,2025-10-02T03:14:20Z
d3d1e8e776d5c21d6c3b56b6dd62feca,企业,2025-10-02T03:14:20Z
bf26692d3aef5d57fb7e30ab5c077924,企业,2025-10-02T03:14:20Z
27d7071f6c54cb3b525ff513991f927d,医疗,2025-10-02T03:14:20Z
201b498c5f94c1f8adae9d319967df44,医疗,2025-10-02T03:14:20Z
507964d862661ccafc02368b858de49e,医疗,2025-10-02T03:14:20Z
0598295c635594732154fde44e270680,教育,2025-10-02T03:14:20Z
6508f6f97689242ffd5fd109f4d26166,企业,2025-10-02T03:14:20Z
c9c5fe37eb799eddc5504f0f6c61e503,企业,2025-10-02T03:14:20Z
8e08bf7a888bb5c795239b69dcddcc36,企业,2025-10-02T03:14:20Z
e969c38169ab6c5faac402a0ec10111a,政府,2025-10-02T03:14:20Z
033edcd1131d1615aea6e0fe3e61e85f,企业,2025-10-02T03:14:20Z
b76e9df699163dc4303c13fd837fb5b3,企业,2025-10-02T03:14:20Z
189bafd05c30c1d549b77573d22ab34c,企业,2025-10-02T03:14:20Z
9f6dd385e27229b2004232bfe2c515ac,医疗,2025-10-02T03:14:20Z
ce428f6ec27662634e1fb7383558d586,企业,2025-10-02T03:14:20Z
0a0927e179363d282ce5b39035f3197d,医疗,2025-10-02T03:14:20Z
e52c87de5a91c24cdfb13f131c3b979e,教育,2025-10-02T03:14:20Z
d57bd59e881a630c97f1c219f5f19bf3,交通,2025-10-02T03:14:20Z
b1c79e26e786782c7a1ca9e620c0d16a,企业,2025-10-02T03:14:20Z
29b8e7dda0fe5241631f3e82b14ce191,能源,2025-10-02T03:14:20Z
e014551488279f71fc66cb4cd9c890c3,政府,2025-10-02T03:14:20Z
02b8bab79830ff10a1d80a643fe7437a,企业,2025-10-02T03:14:20Z
5aba3dc4f504b570623912bf62f85700,企业,2025-10-02T03:14:20Z
83f74d8c215c8534f6698f67d3cb4390,公检法,2025-10-02T03:14:20Z
9ea2afdb181da126dd7800f6ae123e81,政府,2025-10-02T03:14:20Z
38ba22e79998065014a183c3d032966d,企业,2025-10-02T03:14:20Z
3d40fb66bd9dcdaf27a004a21ab9581c,能源,2025-10-02T03:14:20Z
024599f33af984268cbfd9c5f7ea11e2,能源,2025-10-02T03:14:20Z
891c44fa7f11a03819b8dbeff4f2fe7f,医疗,2025-10-02T03:14:20Z
fbfac0c67899bc166e79022ad8f7018e,能源,2025-10-02T03:14:20Z
28f5906cde0669fb693e7ca0c507a5b8,企业,2025-10-02T03:14:20Z
63cc16267dfff7cbb44840f37b64addf,医疗,2025-10-02T03:14:20Z
8e5992c190a9e835aabcc7d4c23cba7a,企业,2025-10-02T03:14:20Z
9cfdb58b77f7e388d41aaaa4af47aaab,企业,2025-10-02T03:14:20Z
87f6072b0121ab82bbb448d8e03df44e,企业,2025-10-02T03:14:20Z
430020f3b240c8e2e95ad52b372b7361,企业,2025-10-02T03:14:20Z
d0de30eafbe77ab6ac8d076446f5d675,教育,2025-10-02T03:14:20Z
3ab8a672ed947f63169d78182bb7b68c,政府,2025-10-02T03:14:20Z
2766ada122f71249801948238ba12470,企业,2025-10-02T03:14:20Z
057a5302f564491e6ea9cef8c0034812,企业,2025-10-02T03:14:20Z
9b15f5ab86959105fd892b5c2613086c,企业,2025-10-02T03:14:20Z
bf19184dbe79edcc0740640e6c4470d2,企业,2025-10-02T03:14:20Z
754bf78bec1ecf194cde030fbf48a0fe,企业,2025-10-02T03:14:20Z
6951caa9b42b5c38acd0d1c5c6430b5e,政府,2025-10-02T03:14:20Z
f4af6a6dda831991801ce598cea20ded,教育,2025-10-02T03:14:20Z
092e21b891d34b38ebadead6ac2a8c25,企业,2025-10-02T03:14:20Z
cc1143c6c8dd1e67542b294136347c8b,政府,2025-10-02T03:14:20Z
a5556ce6d91221bf353472418ced1eac,医疗,2025-10-02T03:14:20Z
7f5034f4e061d3f9fdfd9f4f11dd6bcf,政府,2025-10-02T03:14:20Z
3ea1402abb1569c6111970211e09fe41,教育,2025-10-02T03:14:20Z
5c9f9ee3d8791782deb080de355ded4d,企业,2025-10-02T03:14:20Z
56d99c1c98c1b782c1e205bc97cdb63d,教育,2025-10-02T03:14:20Z
0515f365d64ea63477da26f6e946b712,医疗,2025-10-02T03:14:20Z
077c5a20edf9a65dd868808fb0051d8f,企业,2025-10-02T03:14:20Z
c907c035696478901ff109b4642ba165,企业,2025-10-02T03:14:20Z
80d75991476827a1ac4fc3a4ac9de13e,企业,2025-10-02T03:14:20Z
ee7049548b06d87bf2395d8ff12197e8,教育,2025-10-02T03:14:20Z
c5517322b9e40787ec0de168867f5d86,企业,2025-10-02T03:14:20Z
cc35c89facc211a7074af6e9246bccb8,教育,2025-10-02T03:14:20Z
5155570aef1140bcd6c11021d3679da5,能源,2025-10-02T03:14:20Z
6122c629287283f7da6c75378b7df357,医疗,2025-10-02T03:14:20Z
962b19ef0971ebe67070a62c2fe73d3a,企业,2025-10-02T03:14:20Z
add5595bd5691ba6533ed92d3ccae121,公检法,2025-10-02T03:14:20Z
cc77e92294f6739fd0c40f8e75d6de56,企业,2025-10-02T03:14:20Z
54f123a5507138132fcdec18f2426e70,企业,2025-10-02T03:14:20Z
349107d6884a375aa5779455752872ab,企业,2025-10-02T03:14:20Z
776558cf4fae80bb008c52518e89d50c,企业,2025-10-02T03:14:20Z
a3cfb8eb5f04fa3e62d99d672cb42e04,企业,2025-10-02T03:14:20Z
117c01fa8c62d3a94d4c5b7d180961c1,企业,2025-10-02T03:14:20Z
f6b88ba5e521e396b2880ee90853059b,其余,2025-10-02T03:14:20Z
25d6562d03b8c9047a380e8e48b7a612,企业,2025-10-02T03:14:20Z
89219e3b642dc8cf09faa228e5c3ee89,企业,2025-10-02T03:14:20Z
d34bcfd9f3a74073905dcd655dfdd845,新能源,2025-10-02T03:14:20Z
685660a218f3f26e80310b24f393f416,企业,2025-10-02T03:14:20Z
403a5c1500155749d59b7865fca8831d,企业,2025-10-02T03:14:20Z
e5babfaebb07c61cf70ca447ff33b633,企业,2025-10-02T03:14:20Z
28c808cf2cc4f3b365cc8ebaf5a1c302,企业,2025-10-02T03:14:20Z
cc527b2954dfe244744d73758e1737c8,企业,2025-10-02T03:14:20Z
6002456863cc91767115eb0ab7533b2c,企业,2025-10-02T03:14:20Z
41903a6fc8346ad1ed315bbb7182017f,企业,2025-10-02T03:14:20Z
84d105fc285c7694e40e23dfb0f7b915,企业,2025-10-02T03:14:20Z
666d936a9fc76f8a04a15653c1cb0fc1,企业,2025-10-02T03:14:20Z
e2fb3e4f8a1037c400f93735c4e1fc93,企业,2025-10-02T03:14:20Z
e0fc5bd88bbaf492db0b2758c31eb8c2,医疗,2025-10-02T03:14:20Z
d8c6ba35d9d97c2188962f7f0623f9df,企业,2025-10-02T03:14:20Z
80f9d1786f2bca5b21a692b4d35e9d15,企业,2025-10-02T03:14:20Z
58ea248ce241ee9a6058d3483152c7be,交通,2025-10-02T03:14:20Z
2650f3a3891f74cd576c1c296f9247de,企业,2025-10-02T03:14:20Z
01b71974b37c2cc0dd3d485ed62db015,企业,2025-10-02T03:14:20Z
c11e7b4f9629fa5ae16002d9250914ad,企业,2025-10-02T03:14:20Z
a57fe7266e530fdf9eb0b7c9e98bce84,企业,2025-10-02T03:14:20Z
c148ccbce7785019d7859cc4523a1087,企业,2025-10-02T03:14:20Z
806f5013971fe11d755868e847012ca1,政府,2025-10-02T03:14:20Z
3d15ac8283f23b000db81df9977210f9,部队,2025-10-02T03:14:20Z
17f89fc08b3b59d062d8a17550e193e8,企业,2025-10-02T03:14:20Z
6b1c82dabdd7aafe1ac74af528c4a5a3,政府,2025-10-02T03:14:20Z
95bb33674c841dd228ab63ffb16433de,政府,2025-10-02T03:14:20Z
998631dc41a880a83b4bcb585bee69a1,企业,2025-10-02T03:14:20Z
46b3285f43aca17f815aafa277ab429a,企业,2025-10-02T03:14:20Z
8824d905eee68c34606964cfd0755629,企业,2025-10-02T03:14:20Z
d324273e90c5d9331b5e5feeb9d42472,企业,2025-10-02T03:14:20Z
e2254d6a1019e3d93c554de23e035d9e,企业,2025-10-02T03:14:20Z
2a9d9556df2677ba7bd7d2a8eb5ddc7c,企业,2025-10-02T03:14:20Z
b43682ef8ff45f962d9939809a5ad675,企业,2025-10-02T03:14:20Z
3ae52a95a285b88a0df249f14f3d0fd2,企业,2025-10-02T03:14:20Z
46b6ea8aaa2084489b47ff8fdaf506fc,企业,2025-10-02T03:14:20Z
d7947c2f4781a20004ec389c6370f1d2,企业,2025-10-02T03:14:20Z
a18fa0630498baf203060fbe4c57dd32,企业,2025-10-02T03:14:20Z
48b661441d92df2f5a0780aed7aa9436,企业,2025-10-02T03:14:20Z
06be8b6ddf867645689bb198e4525740,企业,2025-10-02T03:14:20Z
355c5c72d4e26e5918cefda6255aab43,企业,2025-10-02T03:14:20Z
355c5c72d4e26e5918cefda6255aab43,交通,2025-10-02T03:14:20Z
b658e79fea63175e7b77d73fc55cce3e,交通,2025-10-02T03:14:20Z
a2f2bd1c4b0d7f9c0bd4cfe88bb3b3d7,企业,2025-10-02T03:14:20Z
6e4ddc43c4e50116c6fcf930ff9c75f3,企业,2025-10-02T03:14:20Z
74bcefbf842e5c17f6f0f4f2062da9a8,企业,2025-10-02T03:14:20Z
bbecb143b4f04636b59ea02fe80116c7,企业,2025-10-02T03:14:20Z
bbecb143b4f04636b59ea02fe80116c7,铁路,2025-10-02T03:14:20Z
71c4e71f89971ef125512ef9d02fc402,公检法,2025-10-02T03:14:20Z
f233e62f8bbd47264aa6523f2c4718b5,政府,2025-10-02T03:14:20Z
14df5acb1d02aa86cf54a4712fc68d4c,企业,2025-10-02T03:14:20Z
bf5a3f56e2a7c0bb24a3bff5c967c22d,企业,2025-10-02T03:14:20Z
f0fd0545eb1de5fb7220b8023ea49261,企业,2025-10-02T03:14:20Z
5e38b895fc7ea3aa5c1f58d1e52e52a5,医疗,2025-10-02T03:14:20Z
171d18e7fa4f4a26d3d7501608ca79c5,企业,2025-10-02T03:14:20Z
743a0b33336873ff2815c09f4b019e56,教育,2025-10-02T03:14:20Z
d023a969150cfdcf04f0ee1f9aa9fc72,企业,2025-10-02T03:14:20Z
47e3268e6453364537d7b8c5f7a6ac9b,企业,2025-10-02T03:14:20Z
a8199b308d4d1ff670bbd914369eead9,企业,2025-10-02T03:14:20Z
83eccb3c62e2fc8004b50411ae810bb4,企业,2025-10-02T03:14:20Z
654053db2000ea481fad3ae9707fa62e,企业,2025-10-02T03:14:20Z
4eee2f5ac585fab3c851248b9ef03e99,企业,2025-10-02T03:14:20Z
f5467285f88001512fccef225a3ea907,企业,2025-10-02T03:14:20Z
b26010bfbed12a24c09559f784ffbf46,企业,2025-10-02T03:14:20Z
b5c9fcce227d3c33f141fff9c4628f46,企业,2025-10-02T03:14:20Z
8f5f79ef1231d2f42ba4b2887162ea0c,企业,2025-10-02T03:14:20Z
d2cf0554d43fe4ba37524a95d939eaaa,企业,2025-10-02T03:14:20Z
289e2682536dc04585f823505a29033f,企业,2025-10-02T03:14:20Z
343522556de8cfecfc411bda1a5a83ce,医疗,2025-10-02T03:14:20Z
09caf1e76db49e582347ee976873aea2,企业,2025-10-02T03:14:20Z
0d3b4e7e0ee206da3c2e2458ad30a677,企业,2025-10-02T03:14:20Z
52b3e2f7e89fe2e8b74b3326c47fb30d,企业,2025-10-02T03:14:20Z
a72627639f85519371b3fa687e5c3521,企业,2025-10-02T03:14:20Z
0c92cdc8810947a0f2a70fb6b96c15db,企业,2025-10-02T03:14:20Z
3eb0638c6d4cbc1ad3fb786d6e27868e,企业,2025-10-02T03:14:20Z
4118d3950cc4f9207898e9a2ef472bea,医疗,2025-10-02T03:14:20Z
f5c4fbc314db8f7ea70134b37a9ffc90,政府,2025-10-02T03:14:20Z
2aea677e51ef0d850868fab8af11ef93,政府,2025-10-02T03:14:20Z
27f9c33dd25cdd4abd064f15c480e127,企业,2025-10-02T03:14:20Z
330d1104ed3bbdd8754b678c115787db,企业,2025-10-02T03:14:20Z
bdfa3db8b1a4184d378f6d770fff0d27,企业,2025-10-02T03:14:20Z
da5a1783f00fb3660e7b0523e9d32913,企业,2025-10-02T03:14:20Z
529819cad62e11f6b3136e06b9325ebf,企业,2025-10-02T03:14:20Z
8fa8d85e98803328d2f2780feb441496,企业,2025-10-02T03:14:20Z
e965ae0914c365277e0323831ce19f7e,企业,2025-10-02T03:14:20Z
270c41ba05fbd117c5ddb11d819ade50,企业,2025-10-02T03:14:20Z
5af5f150898ee4a07047756c4dd183f2,企业,2025-10-02T03:14:20Z
2f902dadc351e0f8e42571e74e039b9a,企业,2025-10-02T03:14:20Z
5d7bceec1e2eafe6f52682ee9dc176e8,企业,2025-10-02T03:14:20Z
fcc3db0d7108d2eb604a6ea2d25dbb80,企业,2025-10-02T03:14:20Z
52ff44f62adca30cfc7eb39bbf088b30,企业,2025-10-02T03:14:20Z
52ff44f62adca30cfc7eb39bbf088b30,政府,2025-10-02T03:14:20Z
52ff44f62adca30cfc7eb39bbf088b30,医疗,2025-10-02T03:14:20Z
d782b8d0b1e21e9533558f3dd0fa0aa0,企业,2025-10-02T03:14:20Z
29f2912ec644369be633a7a81debf984,企业,2025-10-02T03:14:20Z
cff68ca114b08ee5fbb2847deaa37e86,企业,2025-10-02T03:14:20Z
5aabb464375e27c62f147ab15475cdf0,企业,2025-10-02T03:14:20Z
52aec981d62f5a08ceed77cd75a9f81b,企业,2025-10-02T03:14:20Z
e9918754862481664685cb1f3e5fde37,企业,2025-10-02T03:14:20Z
071ef5f571b25e79512e6ad1220e637f,企业,2025-10-02T03:14:20Z
226bd7bad3bff51f651d011e6246afc4,政府,2025-10-02T03:14:20Z
c09dcf950b42e9f2d7e297ab115fff5e,医疗,2025-10-02T03:14:20Z
43166d97d6faf25157a3a08a85e15881,公检法,2025-10-02T03:14:20Z
f6d15eac7f78dbcb7c1bf9460e14e002,企业,2025-10-02T03:14:20Z
196b1634eb62eee015516a49758d194c,政府,2025-10-02T03:14:20Z
51e5eeffa1bdaeeb91884234d5e0a7c5,企业,2025-10-02T03:14:20Z
e7475cdeeb91578aa2f4f0e9b774e9ed,企业,2025-10-02T03:14:20Z
2dd696b2a3c8a639ccee5af786b70b9c,政府,2025-10-02T03:14:20Z
1c7ca1bba770d2e41b74c40b334edb72,企业,2025-10-02T03:14:20Z
250eb72e165e50bb5e44f3a8c010a8c6,企业,2025-10-02T03:14:20Z
f39f9656072ac314e24050f47684ba33,企业,2025-10-02T03:14:20Z
9c30fa9317fd252031277e04ccf33f4b,企业,2025-10-02T03:14:20Z
61347842e795f5197a0814ca0da43b27,教育,2025-10-02T03:14:20Z
31b3840df9383da5cd2deaf2cc297625,医疗,2025-10-02T03:14:20Z
30d3323bea7abcd04533c4333a35c671,企业,2025-10-02T03:14:20Z
6c55b8f83afb2b83d429526a50f31210,企业,2025-10-02T03:14:20Z
b867aa8af20a01ad3d5dc397d7013db5,政府,2025-10-02T03:14:20Z
ee08abbbe150e5ca053990994c98d91c,教育,2025-10-02T03:14:20Z
6fbd8af736590722b9ab2b7dfe77793d,公检法,2025-10-02T03:14:20Z
d1546b9df73affaab073fa910e79daf3,企业,2025-10-02T03:14:20Z
0cf0cb0f0c6315088bd4f007469cfca7,企业,2025-10-02T03:14:20Z
ba0972ea6584011c1eef4b4948a0fcc1,政府,2025-10-02T03:14:20Z
4ff9480e89247352244c77011d306bff,企业,2025-10-02T03:14:20Z
990d3d5c863650c37dca3f25361c3c1e,政府,2025-10-02T03:14:20Z
e1689ad46b5b88a9ef84ec86cefb83a0,政府,2025-10-02T03:14:20Z
2cd3f9168c3337a973b0c1117d425f9a,政府,2025-10-02T03:14:20Z
f5113422d29900f7226165e09e50964f,政府,2025-10-02T03:14:20Z
2b6facd1a30da29b4750e39e624979a9,企业,2025-10-02T03:14:20Z
48c2b5b19957b0f45e77af988bc6a068,公检法,2025-10-02T03:14:20Z
8f9c096e7ebbed8411126228f0e988b2,医疗,2025-10-02T03:14:20Z
a5d5b0b6bad9b590d12736a794e43137,企业,2025-10-02T03:14:20Z
24985f133644620d5c53392a32e8f222,教育,2025-10-02T03:14:20Z
036e2063a2119b6ddd8dbfd250ae8185,企业,2025-10-02T03:14:20Z
6aa150cfff202117abf6cac32cc8da5f,企业,2025-10-02T03:14:20Z
4348e5b2078ab152357e5da3ec7d7d2f,企业,2025-10-02T03:14:20Z
0b94a39b1329068b5c29372e33a9e015,企业,2025-10-02T03:14:20Z
741d60fc727262444cf006d435875317,企业,2025-10-02T03:14:20Z
f55419c7270013068793a17710e1ca5b,企业,2025-10-02T03:14:20Z
d5e587a7303497d8f7982207efe12e0f,能源,2025-10-02T03:14:20Z
c9f68ebbb261ac854f80e0d859ddda1b,企业,2025-10-02T03:14:20Z
bcc650c712c2053a0f4779e6bc477570,企业,2025-10-02T03:14:20Z
433f1de3519693b3488c9f6abdc58666,企业,2025-10-02T03:14:20Z
7ceec3bfb1baaa2cc49af6362a777daa,企业,2025-10-02T03:14:20Z
ccc3565aad596474c1f8c4d8877dceba,政府,2025-10-02T03:14:20Z
34bb623d62698e6b723bba12e0d88be1,企业,2025-10-02T03:14:20Z
a4ad696fb78969e3177f61c6464d828c,企业,2025-10-02T03:14:20Z
849fac08bb69486d90abeae11b8328c9,企业,2025-10-02T03:14:20Z
2794e462dcfc52352d1d03580ead67cf,企业,2025-10-02T03:14:20Z
31bb061d987c6fc1b375f3a8953ecabd,企业,2025-10-02T03:14:20Z
d4a174fc725dad0df7ab9bd8a92e7526,企业,2025-10-02T03:14:20Z
87f8952eda1352dacce5b340a551c748,政府,2025-10-02T03:14:20Z
cb9531f9f0e0f15c1f3f0d9f7013397f,企业,2025-10-02T03:14:20Z
5e0690e5616c71d162a643e8fbe35c3f,政府,2025-10-02T03:14:20Z
c6f7a7d1f08163930ff81c38b5f99838,公检法,2025-10-02T03:14:20Z
fc347384a5d90df1953f234757d01ea5,政府,2025-10-02T03:14:20Z
627ce700bec6854f17627ed2b3de9f49,医疗,2025-10-02T03:14:20Z
0a872d778f9eb052f1572ab8556473c9,企业,2025-10-02T03:14:20Z
b70900e53eb5f9232e2e0fed4560eace,企业,2025-10-02T03:14:20Z
8d7c4d7137ef6c05cc91c8d49b4987a1,企业,2025-10-02T03:14:20Z
5910fc64768168a6a92c0b0f78ba1a13,企业,2025-10-02T03:14:20Z
fb09bfd69cf90163cc2ec510b93df755,政府,2025-10-02T03:14:20Z
fb09bfd69cf90163cc2ec510b93df755,医疗,2025-10-02T03:14:20Z
af05ab56a8191e5901217a8c8f4e836c,企业,2025-10-02T03:14:20Z
b0b753fdfd982b0a4732c37c05531b19,企业,2025-10-02T03:14:20Z
000d5e8ea83fcf4c87e2a82bfa3a3217,医疗,2025-10-02T03:14:20Z
1227c2b4a0f95b2141cbc6023b703158,公检法,2025-10-02T03:14:20Z
32097bb9994a0fb4b128bd361c6e32f2,企业,2025-10-02T03:14:20Z
a0f39b7fbc77bc4088cc28655bfdfde0,企业,2025-10-02T03:14:20Z
1f0ac0b0405332c7a7f22feec6c21278,医疗,2025-10-02T03:14:20Z
a50dea79d6845fbda0d3b2a86fbd9ee4,企业,2025-10-02T03:14:20Z
8dc8e2d3ad2fe2f242c8d9caeb6a2b92,医疗,2025-10-02T03:14:20Z
5e2b5dee5c03337990dcf674bcc72d8a,公检法,2025-10-02T03:14:20Z
305a9fa7f9d2a85685e5bbb0993c07e5,企业,2025-10-02T03:14:20Z
305a9fa7f9d2a85685e5bbb0993c07e5,政府,2025-10-02T03:14:20Z
ccbca2039c8c64f0dd36f6b3b1df3f7d,政府,2025-10-02T03:14:20Z
a472b557f72190b2d7ea9f0a6eca90aa,企业,2025-10-02T03:14:20Z
7e211f42ece25eed5dba9647d188e563,医疗,2025-10-02T03:14:20Z
af0ac941ccfd32afe0a5905e35130534,企业,2025-10-02T03:14:20Z
9608977830ab10ba3f6e07efb473e747,政府,2025-10-02T03:14:20Z
548388585ef1b7bff3da9260dff77cc1,政府,2025-10-02T03:14:20Z
4ed60f9d05fe402697af2616a5d49aa3,政府,2025-10-02T03:14:20Z
cbc3bcff618d1649226ae802312cde09,医疗,2025-10-02T03:14:20Z
85f22e5fee01c9e8f12adfb18eb338e1,企业,2025-10-02T03:14:20Z
d5d4fd37a133e5b8c332ebe2dead15f8,政府,2025-10-02T03:14:20Z
edc24f0caa0fd7749424ed0161724716,医疗,2025-10-02T03:14:20Z
f4f1a68449d861e1450f64f19e6aa17c,企业,2025-10-02T03:14:20Z
c3343eab5a64a7ffd9c8da50faa19b35,企业,2025-10-02T03:14:20Z
abd95b8d499db44a7f581f6f675d9ce0,企业,2025-10-02T03:14:20Z
4efddf102662be5a52061d90eafd07b1,能源,2025-10-02T03:14:20Z
10c996ffb57c7ea7c30d2976ba23c6df,政府,2025-10-02T03:14:20Z
b1ae85166a24106fcb6997bb751b2f9b,企业,2025-10-02T03:14:20Z
636103bf4110c6fcb038755bf2e184e7,政府,2025-10-02T03:14:20Z
6ea3ceced84c004ec8ed1735efc81853,企业,2025-10-02T03:14:20Z
8573d65df134bfd5edd093d9b0acb217,能源,2025-10-02T03:14:20Z
634ec126f422220092449fc767427f31,企业,2025-10-02T03:14:20Z
1b1c035a5e0e213608336cde086dfa63,政府,2025-10-02T03:14:20Z
841c60589764168f4b31a9119e093351,企业,2025-10-02T03:14:20Z
098538002ec90e5847aff9d93d027a9a,企业,2025-10-02T03:14:20Z
113762a4a9003013c10f685f045aa951,政府,2025-10-02T03:14:20Z
7827b2191e5373a7f9bb6c3e9707beb7,企业,2025-10-02T03:14:20Z
a89d36fb4e7c1092bd088e58ecd4ee39,能源,2025-10-02T03:14:20Z
a5d33ce508650e62dbc6fef65fb96f2e,医疗,2025-10-02T03:14:20Z
d6ae469c37e7def1a34bf4809bfb09f4,企业,2025-10-02T03:14:20Z
8123f141255a9b679a79b9d9b4399af3,企业,2025-10-02T03:14:20Z
d1afd7a6b995e617bc46f9267867da4e,企业,2025-10-02T03:14:20Z
9f7b729d6c49d42898cef7af5600fd60,企业,2025-10-02T03:14:20Z
c8ca79261f7695a1011d920b45d96ccf,医疗,2025-10-02T03:14:20Z
ed3f2e6dc865a1986db79efb152a4540,政府,2025-10-02T03:14:20Z
058e95022f2528da5bdc248066f0752a,政府,2025-10-02T03:14:20Z
ca84980e97681758cd37ffd755bc6a34,公检法,2025-10-02T03:14:20Z
b77cb5061538d3e795796d7b560fbb28,政府,2025-10-02T03:14:20Z
208f5d96d06183a2a6b95f5463aed9f7,医疗,2025-10-02T03:14:20Z
f9cbc657676db6ff166bf3d06282d3e6,政府,2025-10-02T03:14:20Z
371472fdbf1b42b76084ba943ea24e3f,政府,2025-10-02T03:14:20Z
38d34d1c89c0abf0f832108f792e7c9b,企业,2025-10-02T03:14:20Z
331ec57a0663767cd626a813fd7cdf2c,企业,2025-10-02T03:14:20Z
47dcfdad853f59654850b8db723db2c9,医疗,2025-10-02T03:14:20Z
0d3934df209df96fd5ace6b7b59c9b85,政府,2025-10-02T03:14:20Z
f4c5b671f182b52a3a9f9ada353ddad4,企业,2025-10-02T03:14:20Z
4b0de26ee8090f5b96e9b0e628e5db50,医疗,2025-10-02T03:14:20Z
688756901dba045ace0e7770c5765007,政府,2025-10-02T03:14:20Z
7de78ec4e5d4bee861b7f330f928dbe7,政府,2025-10-02T03:14:20Z
5fa65a5de02de6c1862f4efcf63e6aa3,企业,2025-10-02T03:14:20Z
8137bea09c00836058e314a3fe0a460d,企业,2025-10-02T03:14:20Z
71ba3b1380416e5dcea305269cee71e0,企业,2025-10-02T03:14:20Z
5c69e8555930acf39893b7ce967e3cca,公检法,2025-10-02T03:14:20Z
27415162c4ce2face90282fb7a8681ba,企业,2025-10-02T03:14:20Z
4a067c9d1432f39f739c501e58fe8d19,企业,2025-10-02T03:14:20Z
24afaa2d5ceedaa66ec9fd377cd421b7,企业,2025-10-02T03:14:20Z
89949d7d2a7b4ca0e3322cacae2e996c,医疗,2025-10-02T03:14:20Z
266f47be04072ad4ff88438ee6215fe8,能源,2025-10-02T03:14:20Z
ac1c9be2cb697df3e530c29b2c9ddae7,医疗,2025-10-02T03:14:20Z
b1aa3e79665a2cfbc478e6382f7291e3,企业,2025-10-02T03:14:20Z
c6ab3bf270398e6c4707b98ac86d2abd,企业,2025-10-02T03:14:20Z
cba3f3457eb1c5afa3cb0d7a16cffcb3,政府,2025-10-02T03:14:20Z
1fd5b021e610bed759ebb30fd53ac63c,政府,2025-10-02T03:14:20Z
06c414d1ff3383acd923fb447d80e36a,医疗,2025-10-02T03:14:20Z
72b409c767f64368868af1075f8e8cd3,政府,2025-10-02T03:14:20Z
9b19ecf225a05568fb83f3470c1d19bb,教育,2025-10-02T03:14:20Z
bd318b38874265e9eea1670a5c6741dc,交通,2025-10-02T03:14:20Z
edcfa72691a8034a0bea1b8300154c09,教育,2025-10-02T03:14:20Z
151451a96bbaeeddc681600674b94624,企业,2025-10-02T03:14:20Z
842e19c645d37547ffe42bbb6c9cd092,企业,2025-10-02T03:14:20Z
402e2bb9476612411eed0f4bfe69e304,公检法,2025-10-02T03:14:20Z
3764daa9d116bfab2a832848afd3a668,政府,2025-10-02T03:14:20Z
00c0bea9aae1b97a4dc81924faf2f2bd,企业,2025-10-02T03:14:20Z
91d1bb1f31754cf79127e4373d807ed6,企业,2025-10-02T03:14:20Z
49252715dd6dbb8d9f128d1bd78d4b57,企业,2025-10-02T03:14:20Z
5ffc4449c27fa791c98b2b41e441d658,企业,2025-10-02T03:14:20Z
ee14bea02cc269be3f3b3fbfe139bd3c,企业,2025-10-02T03:14:20Z
e154b5ffe90e1b17f4a901b387be9e1e,企业,2025-10-02T03:14:20Z
5a6ca262c604db60840b9498884a058e,企业,2025-10-02T03:14:20Z
8d20696eee3d2f4febc4db9ee76e31ca,企业,2025-10-02T03:14:20Z
8d20696eee3d2f4febc4db9ee76e31ca,政府,2025-10-02T03:14:20Z
c8e46ad33792ccf651aa110ff2a12455,企业,2025-10-02T03:14:20Z
41b7edee0d85af73f5f936e73c0766fa,公检法,2025-10-02T03:14:20Z
b177a6f12eb9f78965cd44421fd1884a,企业,2025-10-02T03:14:20Z
43527bb18ffbffc72b5fea2e3e19d34f,企业,2025-10-02T03:14:20Z
09f855ec683088d551d5ba9e05c92da8,企业,2025-10-02T03:14:20Z
94e41462bb9d8021608cd86e2d6ffebe,企业,2025-10-02T03:14:20Z
6f0aaf01a62b636e7ccbc5abff2a2e03,企业,2025-10-02T03:14:20Z
940b3f4940ed8977c425c1a5945443b1,政府,2025-10-02T03:14:20Z
95fa0a2b13f306902677937c236eafd6,企业,2025-10-02T03:14:20Z
be02598331e3da7ea914e4cb21b07853,企业,2025-10-02T03:14:20Z
9b6201a06b1c1c7ce9ae2df304a14cda,企业,2025-10-02T03:14:20Z
9b6201a06b1c1c7ce9ae2df304a14cda,能源,2025-10-02T03:14:20Z
70f272ca52446ef6fb581d29c4bc38ea,企业,2025-10-02T03:14:20Z
c3627d3f49eed8b7a8256c577bac0e09,教育,2025-10-02T03:14:20Z
584ba94883fc29c43f77d3ad4313ff75,企业,2025-10-02T03:14:20Z
5b17c6e090b4f9c4689e7ac2a5ac9a32,企业,2025-10-02T03:14:20Z
b5f14e9f9bc2c12a45b2bb70c4b9d9b9,交通,2025-10-02T03:14:20Z
38dfc36c00596f86ae9dd065fe213f62,企业,2025-10-02T03:14:20Z
38dfc36c00596f86ae9dd065fe213f62,能源,2025-10-02T03:14:20Z
c11dc4627dbb8183c32c9c2da6f4b9c0,政府,2025-10-02T03:14:20Z
b0162175af26ecf46b9a791b5333eca1,企业,2025-10-02T03:14:20Z
85e56be4fbc6199a057b1eca8f93ddbc,医疗,2025-10-02T03:14:20Z
61d7874e78c6ff8c70c8a0fc7f81e9fb,医疗,2025-10-02T03:14:20Z
4700e0f838fe7651b06b13d3fd308d38,企业,2025-10-02T03:14:20Z
1b951b4f1dab6c0b04e0c8bdf99e619c,政府,2025-10-02T03:14:20Z
89949427422d71603b05c2f9e9188144,政府,2025-10-02T03:14:20Z
9d6de3313a555d16d76812ceec007024,政府,2025-10-02T03:14:20Z
a8a69d63df3eb123c1ef579ba11c3fee,企业,2025-10-02T03:14:20Z
6c8ca441942d586cc8f0bfdd99caaf73,医疗,2025-10-02T03:14:20Z
062ca1b64c232fef06e8c8b5afe1d3c5,政府,2025-10-02T03:14:20Z
fa87023f21e8534120a3a94a9ac4213c,政府,2025-10-02T03:14:20Z
251f6f9af538e89d10896b823168075d,企业,2025-10-02T03:14:20Z
8bbf4ad2d1d5e36512bb83a8108b6432,政府,2025-10-02T03:14:20Z
bcb489880da1966456d9e3e78362125b,企业,2025-10-02T03:14:20Z
b9fd860823329fa527074420e13ddfe2,企业,2025-10-02T03:14:20Z
9ddf85e3f7c218bd5267f9b4867c9d5d,企业,2025-10-02T03:14:20Z
5fa7ab6cf782fc8be38ac2b63fc03863,企业,2025-10-02T03:14:20Z
85151861c1699b58efd4b1770a6c119c,企业,2025-10-02T03:14:20Z
5b3a5ea5f81942a92b9dedfb39dd31f8,企业,2025-10-02T03:14:20Z
a008286627da2a210452a8167fc0175b,企业,2025-10-02T03:14:20Z
780932410658598b86a4832c63d0a09e,企业,2025-10-02T03:14:20Z
84a65f4a4966c83db51ecf4361513ad3,公检法,2025-10-02T03:14:20Z
d64aca8cbd7771ec32465d6aebecb218,企业,2025-10-02T03:14:20Z
892cbb996fdcb27f3576ea243cb021c1,企业,2025-10-02T03:14:20Z
9c9a5be213b793e32682f31e6a36f24e,企业,2025-10-02T03:14:20Z
91a680ee5990f13506e71455e39d8db4,能源,2025-10-02T03:14:20Z
3d5c4b66cd952587e8814c81a60a81f1,企业,2025-10-02T03:14:20Z
aed566357ab67ed9e1be1667d98e841d,教育,2025-10-02T03:14:20Z
e21cb2173c1093cc276df2e5375578a9,企业,2025-10-02T03:14:20Z
37e7c307cc47a80f2129dab6c38c5076,企业,2025-10-02T03:14:20Z
9169d8329de91b7a5d58c3f971184834,企业,2025-10-02T03:14:20Z
2ac256a71d7528b463f40f8f93b35182,企业,2025-10-02T03:14:20Z
7a661dc7db323e9fa6f122c5e0dd5cbc,企业,2025-10-02T03:14:20Z
f73c41086cd1e2cda98a59a12ea7facb,企业,2025-10-02T03:14:20Z
313c42229d3de83d1383f6570f845380,企业,2025-10-02T03:14:20Z
23ca95e3e849852d48031aff1aa3b191,企业,2025-10-02T03:14:20Z
7bad59b73dd12761b2cf581dcbcfc327,企业,2025-10-02T03:14:20Z
0f035d460ef4995cd93389dffb982265,企业,2025-10-02T03:14:20Z
c6a32c2d198bc5a65bae21d04dcf49ec,企业,2025-10-02T03:14:20Z
a58b71ee40084227209a1052b8a48387,企业,2025-10-02T03:14:20Z
32a8405a95b5aaa32c90b9e91d32f894,公检法,2025-10-02T03:14:20Z
06a2c053bc3d6dca679876e1b3d8921f,公检法/教育,2025-10-02T03:14:20Z
56cffc1cfdf6a78b2ce192a40ec266d2,企业,2025-10-02T03:14:20Z
a40f8f3eb43a6c6ca478cf3644ed77d1,企业,2025-10-02T03:14:20Z
fbd82c6849c6c8079f53900990c9be1c,企业,2025-10-02T03:14:20Z
6cf28ef24b5bda1af9739064de859df5,企业,2025-10-02T03:14:20Z
125e05d1744c7e90f62c36dca68e8393,企业,2025-10-02T03:14:20Z
dee32d607dbaced3e2335340aa667aba,企业,2025-10-02T03:14:20Z
d38d2bd51f744d0abe9b4b53bf7fe168,教育,2025-10-02T03:14:20Z
4358f9d63a91fd9108fda296435f872f,医疗,2025-10-02T03:14:20Z
4fbb6f51ad73ff46b86ea9aa153939c0,医疗,2025-10-02T03:14:20Z
2dfce84c65d1539928a7888f3763329a,公检法,2025-10-02T03:14:20Z
9ffe710f8359fb5ce900d6fe7c0a8733,公检法,2025-10-02T03:14:20Z
cb52fa55d7163c65dc2615412b92c197,公检法,2025-10-02T03:14:20Z
b4e133ae073b09ca0ef6158daa8585ab,医疗,2025-10-02T03:14:20Z
506b6e6203727d48a20ecf97a9b49b1b,医疗,2025-10-02T03:14:20Z
cea33d290b2b554a715320993e0b005e,公检法,2025-10-02T03:14:20Z
56d1a63bcf54782cda66a443e5dde7b0,政府,2025-10-02T03:14:20Z
69ec7bbb1c6b73cc4ed1edd197034ec5,教育,2025-10-02T03:14:20Z
4e0bc97902b00c70e987e20c7d2262c3,企业,2025-10-02T03:14:20Z
5e922a2930ddce35d20e91b05ef48ea1,企业,2025-10-02T03:14:20Z
877777291f2fa5e3d7dc5af0f72c9b33,企业,2025-10-02T03:14:20Z
fd677503ee999b3469e2b375f23b08e0,企业,2025-10-02T03:14:20Z
d8386eaa5027cd29da3f99cfd22c1614,企业,2025-10-02T03:14:20Z
7190a759eb4cd4d29ff5ebb5590dccd3,企业,2025-10-02T03:14:20Z
2da0efe6157c94c25dc494a6f7035aec,企业,2025-10-02T03:14:20Z
e6b4338b81599f2f2cdf310631596271,企业,2025-10-02T03:14:20Z
504f69fb351369611d74bc1069898cf6,能源,2025-10-02T03:14:20Z
1ed8ecbf005565a88de7bacab0fbb5be,企业,2025-10-02T03:14:20Z
bfbb2872324b9619b37aeb9e4d61e977,企业,2025-10-02T03:14:20Z
37292b016bf69daf7b4abb552c84a7fb,企业,2025-10-02T03:14:20Z
aeb82bbcaf897d8ff6f88d6adacb54b1,企业,2025-10-02T03:14:20Z
c90585cebad0c0befdab3d4fc7106be2,企业,2025-10-02T03:14:20Z
1115f05ecee895d5736a8656550eb57c,企业,2025-10-02T03:14:20Z
8b46e4ce05b8505971e2d2d593f5acf4,企业,2025-10-02T03:14:20Z
d2d7a603ebf6254e3f9a00b99b3894c4,企业,2025-10-02T03:14:20Z
1e0e95ccafe259d853a2a7345d89447b,企业,2025-10-02T03:14:20Z
c59c8c43cd9baf60729567ac24a259cb,政府,2025-10-02T03:14:20Z
09c1ad669a9d7866b382ac4162376bab,企业,2025-10-02T03:14:20Z
c8f7c7e971497d85a553577abd8a57f5,公检法,2025-10-02T03:14:20Z
a267c011a06c44bbadd5b5fde9bb62eb,企业,2025-10-02T03:14:20Z
b388e1cb3c0bc61521651aef1c42b97c,企业,2025-10-02T03:14:20Z
872e10001e4d00ef851fac2021ae60aa,企业,2025-10-02T03:14:20Z
be12822828ee67183b67bb57eb4e8dca,企业,2025-10-02T03:14:20Z
19de4cbbf1b8aa184cc07af42e43e2ab,教育,2025-10-02T03:14:20Z
9ba0b0d41b858fbc0cc954e3eb5530e0,企业,2025-10-02T03:14:20Z
f2ce81f06851329458b1d31cceb36c5b,金融,2025-10-02T03:14:20Z
f29289cdfc0839e58ca2525f47ee9eb1,企业,2025-10-02T03:14:20Z
a4337ddb45dc3a5a09d6b286dd3f0817,企业,2025-10-02T03:14:20Z
878bfef44a3e66ef9f3cb1cbf98b525c,企业,2025-10-02T03:14:20Z
2cb78d602b6fd26580f9448c332d1106,政府,2025-10-02T03:14:20Z
b6867ed760a37e2d5982b8907291dc43,教育,2025-10-02T03:14:20Z
f57ca02937b248e37f8c2d12526a6947,医疗,2025-10-02T03:14:20Z
00585aa6b2164b2e726673b291b33311,企业,2025-10-02T03:14:20Z
473558677d42c0eb9d0776f1dc68c16d,企业,2025-10-02T03:14:20Z
b21cdabdf1f1f65e8dc274c925e0b654,医疗,2025-10-02T03:14:20Z
b21cdabdf1f1f65e8dc274c925e0b654,医院,2025-10-02T03:14:20Z
85c89d9abc845027b0c3c3ba7137377a,企业,2025-10-02T03:14:20Z
4097f3ab845d2e2103365404f5a04325,企业,2025-10-02T03:14:20Z
b355016a1ea88a2e0c21ce0d5f414bb7,企业,2025-10-02T03:14:20Z
e6963f3f3e06c0a38e46e68ef55c60f2,企业,2025-10-02T03:14:20Z
8d47722f1d74aabb61c1464c3a75cf58,教育,2025-10-02T03:14:20Z
7d807ae1c2a80d2f548f159c84621adb,教育,2025-10-02T03:14:20Z
5540d24b6b6fbbcda9c95957932971b8,医疗,2025-10-02T03:14:20Z
1567fe33b9f04834992ca2bcc2a6d72d,教育,2025-10-02T03:14:20Z
a4393522a7b9e1949a727b0df56a9da4,能源,2025-10-02T03:14:20Z
07e40469631e792350e227c6e0c98c6f,企业,2025-10-02T03:14:20Z
4a11a130bf3c3f3374c64817b355a470,部队,2025-10-02T03:14:20Z
4b236997fc46fef54b2099642086d249,企业,2025-10-02T03:14:20Z
11618408a58c7fb25cca44bfbdcacad8,企业,2025-10-02T03:14:20Z
d187c43589edab1b56f0f5ffcadc9a4d,企业,2025-10-02T03:14:20Z
ab13c75a9b4dc0d0774da53231ba22c4,教育,2025-10-02T03:14:20Z
4e3dd9328b06074719c31005544152ec,企业,2025-10-02T03:14:20Z
58f4f52d9d62fd91247bbd5ae9135634,金融,2025-10-02T03:14:20Z
58f4f52d9d62fd91247bbd5ae9135634,企业,2025-10-02T03:14:20Z
0169fa2827b25072b568dde1fb054395,企业,2025-10-02T03:14:20Z
cfca11af3ae0d4ad6bdc3e487f002b74,企业,2025-10-02T03:14:20Z
dafacdd85ebc62d4e05f43e5a4d25e5a,企业,2025-10-02T03:14:20Z
b67fdf1540ccef27f34bd766946a7d34,企业,2025-10-02T03:14:20Z
d19292f30d1ced1911815e97fdfd040d,政府,2025-10-02T03:14:20Z
24f6786c8c3e85950d310afcb9206f42,企业,2025-10-02T03:14:20Z
